notatie,label,cas,csor_eea,echa_ec_kandidaten,pubchem_ec_kandidaten,geverifieerde_ec_kandidaten,resultaat
V_1524,Climbazool,38083-17-9,,253-775-4,253-775-4,253-775-4,suggestie
V_191,3-Chloor-4-methoxyaniline,5345-54-0,,,226-298-4,226-298-4,suggestie
V_357,Benzeen,71-43-2,200-753-7,200-753-7,200-753-7,200-753-7,bevestigd
V_1537,Methylglycol,109-86-4,,203-713-7,203-713-7,203-713-7,suggestie
V_217,Metazachloor ESA,172960-62-2,,,,,onbekend
V_990,Ametryn,834-12-8,,212-634-7,212-634-7,212-634-7,suggestie
V_727,Propaan,74-98-6,,200-827-9,200-827-9,200-827-9,suggestie
V_2142,Decaanzuur,334-48-5,,206-376-4,206-376-4,206-376-4,suggestie
V_1595,2-Buteen,107-01-7,,203-452-9,210-855-3; 618-356-6,210-855-3; 618-356-6,suggestie
V_903,Flufenacet,142459-58-3,,,,,onbekend
V_996,Lenacil,2164-08-1,,218-499-0,218-499-0,218-499-0,suggestie
V_1393,Metconazool,125116-23-6,603-031-3,,603-031-3,603-031-3,bevestigd
V_829,Ditallowdimethylammoniumchloride,68783-78-8,,,,,onbekend
V_930,Pentabroombenzylalcohol,79415-41-1,,,623-305-6,623-305-6,suggestie
V_2056,2-Methylnaftaleen,91-57-6,,,202-078-3,202-078-3,suggestie
V_722,Bromoxynil,1689-84-5,,216-882-7,216-882-7,216-882-7,suggestie
V_717,Chloorpyrifos-methyl,5598-13-0,,227-011-5,227-011-5,227-011-5,suggestie
V_594,trans-Chloordaan,5103-74-2,,,225-826-0,225-826-0,suggestie
V_2192,iso-Boterzuur,79-31-2,,201-195-7,201-195-7,201-195-7,suggestie
V_1993,Metacroleïne,78-85-3,,,201-150-1,201-150-1,suggestie
V_1002,Benzothiofeen,95-15-8,,,202-395-7,202-395-7,suggestie
V_2127,Captafol,2425-06-1,,219-363-3,219-363-3,219-363-3,suggestie
V_496,Difenyloxide,101-84-8,,202-981-2,202-981-2,202-981-2,suggestie
V_1505,2-perfluorbutaansulfonamidoethanol (FBSE),34454-99-4,,,827-000-0,827-000-0,suggestie
V_1016,Dodecyltrimethylammonium,1119-94-4,,,214-290-3,214-290-3,suggestie
V_902,Chloorbromuron,13360-45-7,,,236-411-9,236-411-9,suggestie
V_934,Cyprodinil,121552-61-2,,,601-785-8,601-785-8,suggestie
V_1278,Oxacilline,66-79-5,200-635-5,,200-635-5,200-635-5,bevestigd
V_2129,Carbofuran,1563-66-2,,216-353-0,216-353-0,216-353-0,suggestie
V_474,Pirimicarb,23103-98-2,,245-430-1,245-430-1,245-430-1,suggestie
V_1686,Koolstofdioxide,124-38-9,,,204-696-9,204-696-9,suggestie
V_1606,"3,6-Dimethylfenantreen",1576-67-6,,,216-409-4,216-409-4,suggestie
V_502,"1,2,4-Trichloorbenzeen",120-82-1,,204-428-0,204-428-0,204-428-0,suggestie
V_549,Broommethaan,74-83-9,,200-813-2,200-813-2,200-813-2,suggestie
V_999,2-Methylbenzofuraan,4265-25-2,,,224-249-1,224-249-1,suggestie
V_339,Koper,7440-50-8,,231-159-6,231-159-6,231-159-6,suggestie
V_1069,Perfluorkoolwaterstoffen,308069-13-8,,,,,onbekend
V_719,Diazinon,333-41-5,,206-373-8,206-373-8,206-373-8,suggestie
V_1497,"2,2',3,4,6,6'-Hexachloorbifenyl (PCB 145)",74472-40-5,,,,,onbekend
V_1450,"Perfluor([5-methoxy-1,3-dioxolaan-4-yl]oxy)azijnzu",1190931-41-9,,,682-239-6,682-239-6,suggestie
V_1395,N-ethylperfluoroctaan-1-sulfonamide (EtPFOSA),4151-50-2,223-980-3,,223-980-3,223-980-3,bevestigd
V_590,Propylbenzeen,103-65-1,,203-132-9,203-132-9,203-132-9,suggestie
V_349,Vanadium,7440-62-2,,231-171-1,231-171-1,231-171-1,suggestie
V_995,Microcystine,77238-39-2,,,,,onbekend
V_1359,6:2 fluortelomeersulfonzuur (6:2 FTS),27619-97-2,,,248-580-6,248-580-6,suggestie
V_1409,Perfluor-1-tridecaansulfonzuur (PFTrS),791563-89-8,,,,,onbekend
V_2039,Nicosulferon,111991-09-4,,,686-897-5; 691-662-5,686-897-5; 691-662-5,suggestie
V_1770,Isopreen,78-79-5,,201-143-3,201-143-3,201-143-3,suggestie
V_30,"2,3,4,7,8-Pentachloordibenzofuraan",57117-31-4,,,694-761-1,694-761-1,suggestie
V_1239,Amoxicilline,26787-78-0,248-003-8,,248-003-8,248-003-8,bevestigd
V_612,"2,2',4,5'-Tetrachloorbifenyl (PCB49)",41464-40-8,,,690-225-6,690-225-6,suggestie
V_1378,Perfluornonaansulfonzuur (PFNS),68259-12-1,,,,,onbekend
V_822,Tetramethylpiperidinon,826-36-8,,,212-554-2,212-554-2,suggestie
V_886,Mirex,2385-85-5,,219-196-6,219-196-6,219-196-6,suggestie
V_772,"1,2,3,5-Tetrachloorbenzeen",634-90-2,,,211-217-7,211-217-7,suggestie
V_1280,Sulfaquinoxaline,59-40-5,200-423-2,,200-423-2,200-423-2,bevestigd
V_271,"2,3-Dichlooraniline",608-27-5,,,210-157-9,210-157-9,suggestie
V_218,Metazachloor OA,1231244-60-2,,,,,onbekend
V_637,Cumafos,56-72-4,,200-285-3,200-285-3,200-285-3,suggestie
V_433,"1,1,2,2-Tetrachloorethaan",79-34-5,,201-197-8,201-197-8,201-197-8,suggestie
V_283,Diethylftalaat,84-66-2,,201-550-6,201-550-6,201-550-6,suggestie
V_789,Monofenyltin,2406-68-0,,,,,onbekend
V_588,"1,2,4-Trimethylbenzeen",95-63-6,,202-436-9,202-436-9,202-436-9,suggestie
V_547,4-Chloortolueen,106-43-4,,203-397-0,203-397-0,203-397-0,suggestie
V_1472,"2,4-Dichlorobenzoëzuur",50-84-0,,,200-067-8,200-067-8,suggestie
V_1633,Acroleine,107-02-8,,203-453-4,203-453-4,203-453-4,suggestie
V_634,Chloorprofam,101-21-3,,202-925-7,202-925-7,202-925-7,suggestie
V_1,alfa+beta Endosulfan,115-29-7,204-079-4,204-079-4,204-079-4,204-079-4,bevestigd
V_1383,6:2/8:2 Fluortelomeerfosfaat diester,943913-15-3,,,,,onbekend
V_395,Methoxychloor,72-43-5,,200-779-9,200-779-9,200-779-9,suggestie
V_2139,dichloorazijnzuur,79-43-6,,201-207-0,201-207-0,201-207-0,suggestie
V_2052,2-Ethylhexylacrylaat,103-11-7,,203-080-7,203-080-7; 618-950-5,203-080-7; 618-950-5,suggestie
V_804,Desmetryn,1014-69-3,,213-800-1,213-800-1,213-800-1,suggestie
V_2100,Azijnzuur,64-19-7,,200-580-7,200-580-7; 616-485-2,200-580-7; 616-485-2,suggestie
V_746,1-Hexeen,592-41-6,,209-753-1,209-753-1,209-753-1,suggestie
V_489,4-n-Pentylfenol,14938-35-3,,,239-015-4,239-015-4,suggestie
V_1396,6:2 fluortelomeerfosfaat monoester (6:2 PAP),57678-01-0,,,,,onbekend
V_949,Perthane,72-56-0,,,200-785-1,200-785-1,suggestie
V_2216,Kiezelzuur,1343-98-2,,,233-477-0,233-477-0,suggestie
V_440,2-Chloor-4-methylaniline,615-65-6,,,210-440-7,210-440-7,suggestie
V_352,"1,3,5-Trimethylbenzeen",108-67-8,,203-604-4,203-604-4,203-604-4,suggestie
V_553,"1,2-Dibroom-3-chloorpropaan",96-12-8,,202-479-3,202-479-3,202-479-3,suggestie
V_923,"N,N-Dimethylcyclohexylamine",98-94-2,,202-715-5,202-715-5,202-715-5,suggestie
V_1487,3-Chloorbifenyl (PCB 2),2051-61-8,,,218-126-1,218-126-1,suggestie
V_148,Fipronil,120068-37-3,,424-610-5,424-610-5,424-610-5,suggestie
V_763,Natrium,7440-23-5,,231-132-9,231-132-9,231-132-9,suggestie
V_2132,Chloordeen,3734-48-3,,,223-096-8,223-096-8,suggestie
V_991,Prometon,1610-18-0,,,216-548-0,216-548-0,suggestie
V_973,2-Butanol,78-92-2,,201-158-5,201-158-5; 240-029-8,201-158-5; 240-029-8,suggestie
V_631,Chloorethaan,75-00-3,,200-830-5,200-830-5,200-830-5,suggestie
V_794,Tricyclohexyltin,36580-86-6,,,,,onbekend
V_150,Hexabroomdifenylether,36483-60-0,,,253-058-6,253-058-6,suggestie
V_774,"1,2,4,5-Tetrachloorbenzeen",95-94-3,,,202-466-2,202-466-2,suggestie
V_1449,2-Mercaptobenzothiazole,149-30-4,,205-736-8,205-736-8,205-736-8,suggestie
V_846,Dioctyltin,15231-44-4,,,,,onbekend
V_205,Glutaaraldehyde,111-30-8,,203-856-5,203-856-5,203-856-5,suggestie
V_985,Perfluoroctaansulfonamide (PFOSA),754-91-6,,,212-046-0,212-046-0,suggestie
V_1274,Difloxacine,98106-17-3,,,,,onbekend
V_1263,Chloortetracycline,57-62-5,200-341-7,,,,onbekend
V_344,Nikkel,7440-02-0,231-111-4,231-111-4,231-111-4; 445-070-7; 935-135-2,231-111-4; 445-070-7; 935-135-2,bevestigd
V_1426,"2,2',3,3',4,4',5,5',6-Nonabroomdifenylether (BDE206)",63387-28-0,,,,,onbekend
V_793,Tributyltin,36643-28-4,,,,,onbekend
V_611,Benzidine,92-87-5,,202-199-1,202-199-1,202-199-1,suggestie
V_2309,Tri-ethylhexylfosfaat,78-42-2,,201-116-6,201-116-6,201-116-6,suggestie
V_1495,"3,3',4,5'-Tetrachloorbifenyl (PCB 78)",70362-49-1,,,,,onbekend
V_222,"4-Hydroxy-2,5,6-trichloroisophthalonitrile",28343-61-5,,,,,onbekend
V_282,Di-n-octylftalaat,117-84-0,,,204-214-7,204-214-7,suggestie
V_517,1-Chloor-4-nitrobenzeen,100-00-5,,202-809-6,202-809-6,202-809-6,suggestie
V_1376,Dimethyl Arseenzuur,75-60-5,,,200-883-4,200-883-4,suggestie
V_221,Dimethylsulfamide,3984-14-3,,,,,onbekend
V_2010,ortho-Ethyltolueen,611-14-3,,,210-255-1; 247-093-6,210-255-1; 247-093-6,suggestie
V_328,Antimoon,7440-36-0,,231-146-5,231-146-5; 695-029-4,231-146-5; 695-029-4,suggestie
V_2191,iso-Amylacetaat,123-92-2,,204-662-3,204-662-3,204-662-3,suggestie
V_89,Atenolol,29122-68-7,,,249-451-7,249-451-7,suggestie
V_628,"3,3'-Dichloorbenzidine",91-94-1,,202-109-0,202-109-0,202-109-0,suggestie
V_582,Trichloorfon,52-68-6,,200-149-3,200-149-3,200-149-3,suggestie
V_2064,4-formylaminoantipyrine,1672-58-8,,,,,onbekend
V_607,Trifenyltinchloride,639-58-7,211-358-4,,211-358-4,211-358-4,bevestigd
V_91,Carbamazepine,298-46-4,,,206-062-7,206-062-7,suggestie
V_2147,Diflubenzuron,35367-38-5,,,252-529-3,252-529-3,suggestie
V_1353,Perfluoroctadecaanzuur (PFODA),16517-11-6,,,240-582-5,240-582-5,suggestie
V_321,Ammonium,14798-03-9,,,,,onbekend
V_744,1-Penteen,109-67-1,,,203-694-5,203-694-5,suggestie
V_575,Foxim,14816-18-3,,238-887-3,238-887-3,238-887-3,suggestie
V_13,Diethyleentriaminepenta-azijnzuur,67-43-6,,200-652-8,200-652-8,200-652-8,suggestie
V_1336,"2,3,3,3-tetrafluor-2(heptafluorpropoxy)propionzuur",13252-13-6,236-236-8,,236-236-8,236-236-8,bevestigd
V_2315,Tri-isobutylfosfaat,126-71-6,,204-798-3,204-798-3,204-798-3,suggestie
V_1421,"2,2',4-Tribroomdifenylether (TriBDE) (BDE17)",147217-75-2,,,874-730-0,874-730-0,suggestie
V_1254,Benzylpenicilline,61-33-6,200-506-3,,200-506-3,200-506-3,bevestigd
V_1012,Octylfenolpolyethoxylaat,26636-32-8,,,,,onbekend
V_509,"1,3-Dichloorbenzeen",541-73-1,,208-792-1,208-792-1,208-792-1,suggestie
V_403,pp'Dichloordifenyltrichloorethaan,50-29-3,200- 024-3,200-024-3,,,kandidaten_niet_bevestigd
V_2326,Ureum,57-13-6,,200-315-5,200-315-5; 682-045-1,200-315-5; 682-045-1,suggestie
V_1521,"N-1,3-Dimethylbutyl-N’-fenyl-p-fenylenediamine",793-24-8,212-344-0,212-344-0,212-344-0,212-344-0,bevestigd
V_959,"2,3,5-Trimethacarb",2655-15-4,,,684-207-7,684-207-7,suggestie
V_2189,Hexanol,111-27-3,,203-852-3,203-852-3,203-852-3,suggestie
V_918,Pentabroomethylbenzeen,85-22-3,,,201-593-0,201-593-0,suggestie
V_374,Chloordaan,57-74-9,,200-349-0,,,kandidaten_niet_bevestigd
V_617,Radium 226,13982-63-3,,,,,onbekend
V_248,Nitriet,14797-65-0,,,,,onbekend
V_1601,2-Methylpentaan,107-83-5,,203-523-4,203-523-4,203-523-4,suggestie
V_581,Triazofos,24017-47-8,,245-986-5,245-986-5,245-986-5,suggestie
V_2193,iso-Butylacetaat,110-19-0,,203-745-1,203-745-1,203-745-1,suggestie
V_1474,"2,3,3,3-Tetrafluorpropaanzuur",359-49-9,,,671-742-6,671-742-6,suggestie
V_1001,Carbazole,86-74-8,,,201-696-0,201-696-0,suggestie
V_442,4-Chloor-2-methylaniline,95-69-2,,202-441-6,,,kandidaten_niet_bevestigd
V_1388,Famoxadone,131807-57-3,603-520-1,,603-520-1,603-520-1,bevestigd
V_105,Clarithromycine,81103-11-9,,,617-200-4; 658-034-2,617-200-4; 658-034-2,suggestie
V_668,Acrylonitrile,107-13-1,,203-466-5,203-466-5; 613-396-0,203-466-5; 613-396-0,suggestie
V_964,Perfluoroctaanzuur (PFOA),335-67-1,,206-397-9,206-397-9,206-397-9,suggestie
V_614,"Polychloorbifenyl, totaal",1336-36-3,33-38-5,215-648-1,,,kandidaten_niet_bevestigd
V_1405,N-methylperfluorbutaansulfonamidoazijnzuur,159381-10-9,,,,,onbekend
V_1365,8:2 fluortelomeerfosfaat diester (8:2 diPAP),678-41-1,211-649-6,,,,onbekend
V_99,Metoprolol,37350-58-6,,,253-483-7; 257-166-4,253-483-7; 257-166-4,suggestie
V_1650,Benzo(b)fluoreen,30777-19-6,,,205-952-2,205-952-2,suggestie
V_485,4-Chloor-2-benzylfenol,120-32-1,,204-385-8,204-385-8,204-385-8,suggestie
V_2179,Glycerine,56-81-5,,200-289-5,200-289-5; 616-940-5,200-289-5; 616-940-5,suggestie
V_55,"Benzo(g,h,i)fluorantheen",203-12-3,,,205-903-5,205-903-5,suggestie
V_1204,Triisopropylfosfaat,513-02-0,,,208-150-0,208-150-0,suggestie
V_116,Anthraceen,120-12-7,204-371-1,204-371-1,204-371-1,204-371-1,bevestigd
V_117,Benzo(a)anthraceen,56-55-3,,200-280-6,200-280-6,200-280-6,suggestie
V_1459,Trifluorazijnzuur,76-05-1,,200-929-3,200-929-3,200-929-3,suggestie
V_603,Di-isopropylether,108-20-3,,203-560-6,203-560-6,203-560-6,suggestie
V_162,Prochloraz,67747-09-5,266-994-5,266-994-5,266-994-5,266-994-5,bevestigd
V_672,Lithium,7439-93-2,,231-102-5,231-102-5,231-102-5,suggestie
V_966,Perfluordecaanzuur (PFDA),335-76-2,,206-400-3,206-400-3,206-400-3,suggestie
V_1508,perfluorbutaansulfonamidoazijnzuur (FBSAA),347872-22-4,,,,,onbekend
V_791,Difenyltin,1011-95-6,,,,,onbekend
V_702,"cis-1,2-Dichlooretheen",156-59-2,,205-859-7,,,kandidaten_niet_bevestigd
V_596,Ethoprofos,13194-48-4,,236-152-1,236-152-1,236-152-1,suggestie
V_369,N-Nitrosodipropylamine,621-64-7,,210-698-0,210-698-0,210-698-0,suggestie
V_284,Diheptylftalaat,3648-21-3,,,222-885-4,222-885-4,suggestie
V_478,Terbufos,13071-79-9,,235-963-8,235-963-8,235-963-8,suggestie
V_541,3-Chloortolueen,108-41-8,,203-580-5,203-580-5,203-580-5,suggestie
V_759,Etheen,74-85-1,,200-815-3,200-815-3; 682-561-7,200-815-3; 682-561-7,suggestie
V_1294,Bismut,7440-69-9,,231-177-4,231-177-4,231-177-4,suggestie
V_715,Bromofos-methyl,2104-96-3,,218-277-3,218-277-3,218-277-3,suggestie
V_904,2-Ethylhexyldifenylfosfaat,1241-94-7,,214-987-2,214-987-2,214-987-2,suggestie
V_720,Benazolin,3813-05-6,,223-297-0,223-297-0,223-297-0,suggestie
V_253,Sulfide,18496-25-8,,,,,onbekend
V_101,Naproxen,22204-53-1,,,244-838-7,244-838-7,suggestie
V_216,Desfenylchloridazon,6339-19-1,,,696-510-1,696-510-1,suggestie
V_1443,Tetrabutylammoniumbromide,1643-19-2,,216-699-2,216-699-2,216-699-2,suggestie
V_1402,Perfluorpentadecaanzuur (PFPeDA),141074-63-7,,,,,onbekend
V_2133,chloordibroomazijnzuur,5278-95-5,,,624-239-0,624-239-0,suggestie
V_543,4-Chloor-2-nitroaniline,89-63-4,,,201-925-4,201-925-4,suggestie
V_562,Trichlooretheen,79-01-6,,201-167-4,201-167-4,201-167-4,suggestie
V_499,Profam,122-42-9,,,204-542-0,204-542-0,suggestie
V_1258,Sulfathiazole,72-14-0,200-771-5,,200-771-5,200-771-5,bevestigd
V_1457,Perfluor-n-propaanzuur,422-64-0,,,207-021-6,207-021-6,suggestie
V_510,"1,3-Dichloorpropaan",142-28-9,,,205-531-3,205-531-3,suggestie
V_778,"4,6-Dinitro-o-cresol",534-52-1,,208-601-1,208-601-1,208-601-1,suggestie
V_405,Telodrin,297-78-9,,206-045-4,206-045-4,206-045-4,suggestie
V_1346,"Amides, coco, N,N-bis(hydroxyethyl)",68603-42-9,,,,,onbekend
V_807,"3,3',4,4',5,5'-Hexachloorbifenyl (PCB169)",32774-16-6,,,682-345-2,682-345-2,suggestie
V_820,Ethanol,64-17-5,,200-578-6,200-578-6,200-578-6,suggestie
V_121,Benzo(k)fluorantheen,207-08-9,205-916-6,205-916-6,205-916-6,205-916-6,bevestigd
V_1473,"2,2,3,3-Tetrafluorpropaanzuur",756-09-2,,,,,onbekend
V_2194,iso-Butylbenzeen,538-93-2,,,208-706-2,208-706-2,suggestie
V_78,"3,4,4',5-Tetrachloorbifenyl (PCB81)",70362-50-4,,,,,onbekend
V_1603,2-Nitrofluoreen,607-57-8,,,210-138-5,210-138-5,suggestie
V_371,"2,4-Dichloorfenoxyazijnzuur",94-75-7,,202-361-1,202-361-1,202-361-1,suggestie
V_1555,11chloorperfluor-3-oxaundecaansulfonzuur,763051-92-9,,,,,onbekend
V_556,Dichloordifluormethaan (CFK12),75-71-8,,,200-893-9,200-893-9,suggestie
V_482,"2,4-Dibroomfenol",615-58-7,,,210-436-5,210-436-5,suggestie
V_211,"Clindamycine, waterstofchloride",21462-39-5,,,244-398-6,244-398-6,suggestie
V_2055,2-Ethylhexanol,104-76-7,,203-234-3,203-234-3,203-234-3,suggestie
V_955,Pyrimethanil,53112-28-0,,414-220-3,610-963-4,610-963-4,suggestie
V_1431,Tribroomdifenylether,147217-78-5,,,,,onbekend
V_824,Methyl-tert.butylether,1634-04-4,,216-653-1,216-653-1,216-653-1,suggestie
V_1245,Tylosine,1401-69-0,215-754-8,,215-754-8,215-754-8,bevestigd
V_1481,Chlorofyl b,519-62-0,,,208-272-4,208-272-4,suggestie
V_159,Quetiapine,111974-69-7,,,,,onbekend
V_1240,Perfluortridecaanzuur (PFTrDA),72629-94-8,276-745-2,276-745-2,276-745-2,276-745-2,bevestigd
V_2145,Diethyleentriamine,111-40-0,,203-865-4,203-865-4; 616-182-5,203-865-4; 616-182-5,suggestie
V_1531,Abamectine B1b,65195-56-4,,,265-611-9,265-611-9,suggestie
V_1419,"2,2',3,4,4',5'-Hexabroomdifenylether (BDE138)",182677-30-1,,,,,onbekend
V_1526,Mefentrifluconazool,1417782-03-6,,,822-682-6,822-682-6,suggestie
V_125,Fluorantheen,206-44-0,205-912-4,205-912-4,205-912-4,205-912-4,bevestigd
V_605,Tributyltinoxide,56-35-9,,200-268-0,200-268-0,200-268-0,suggestie
V_513,"1,4-Dichloorbenzeen",106-46-7,,203-400-5,203-400-5,203-400-5,suggestie
V_188,Pentachlooraniline,527-20-8,,,208-410-3,208-410-3,suggestie
V_887,Hexabroomdifenyl,36355-01-8,,252-994-2,,,kandidaten_niet_bevestigd
V_167,Benfluralin,1861-40-1,,217-465-2,217-465-2,217-465-2,suggestie
V_810,bis-(2-ethylhexyl)-ftalaat,117-81-7,204-211-0,204-211-0,204-211-0; 617-060-4,204-211-0; 617-060-4,bevestigd
V_1252,Sulfamethoxypyridazine,80-35-3,201-272-5,,201-272-5,201-272-5,bevestigd
V_246,Chloride,16887-00-6,,,690-375-2,690-375-2,suggestie
V_568,Mevinfos,7786-34-7,,232-095-1,232-095-1,232-095-1,suggestie
V_1832,Octanaldehyde,124-13-0,,204-683-8,204-683-8,204-683-8,suggestie
V_675,2-Ethylfenol,90-00-6,,,201-958-4,201-958-4,suggestie
V_2045,2-Hexanon,591-78-6,,209-731-1,209-731-1,209-731-1,suggestie
V_1793,Mannosan,14168-65-1,,,,,onbekend
V_402,pp'Dichloordifenyldichlooretheen,72-55-9,200-784-6,,,,onbekend
V_1253,Doxycycline,564-25-0,607-368-7,,,,onbekend
V_2199,Indaan,496-11-7,,,207-814-7,207-814-7,suggestie
V_1208,Tetramethylammoniumhydroxide,75-59-2,,200-882-9,200-882-9,200-882-9,suggestie
V_980,Perfluorundecaanzuur (PFUnDA),2058-94-8,,218-165-4,218-165-4,218-165-4,suggestie
V_958,Tetrachloorvinfos,22248-79-9,,,244-865-4,244-865-4,suggestie
V_60,Freon 114,76-14-2,,,200-937-7; 215-300-9,200-937-7; 215-300-9,suggestie
V_960,"3,4,5-Trimethacarb",2686-99-9,,,684-207-7,684-207-7,suggestie
V_535,2-Chloortolueen,95-49-8,,202-424-3,202-424-3,202-424-3,suggestie
V_397,op'Dichloordifenyldichlooretheen,3424-82-6,,,222-318-0,222-318-0,suggestie
V_448,"2,5-Dichloornitrobenzeen",89-61-2,,201-923-3,201-923-3,201-923-3,suggestie
V_329,Arseen,7440-38-2,,231-148-6,231-148-6,231-148-6,suggestie
V_1422,"2,2',3,4,4',6,6'-Heptabroomdifenylether (BDE184)",117948-63-7,,,,,onbekend
V_225,Platina,7440-06-4,,,231-116-1,231-116-1,suggestie
V_908,"Tris-(1,3-dichloor-2-propyl)-fosfaat",13674-87-8,,237-159-2,237-159-2,237-159-2,suggestie
V_1604,2-Nitropyreen,789-07-1,,,,,onbekend
V_72,Natriumfluoresceïne,518-47-8,,,,,onbekend
V_126,Fluoreen,86-73-7,,,201-695-5,201-695-5,suggestie
V_735,n-Octaan,111-65-9,,203-892-1,203-892-1; 608-610-4,203-892-1; 608-610-4,suggestie
V_2195,3-jood-2-propynylbutylcarbanaat,55406-53-6,,259-627-5,259-627-5,259-627-5,suggestie
V_1329,trans-Nonachloor,39765-80-5,,,,,onbekend
V_1289,Nalidixinezuur,389-08-2,206-864-7,,206-864-7,206-864-7,bevestigd
V_1959,Valeraldehyde,110-62-3,,203-784-4,203-784-4,203-784-4,suggestie
V_697,Isopropanol,67-63-0,,200-661-7,200-661-7,200-661-7,suggestie
V_2174,Furosemide,54-31-9,,,200-203-6,200-203-6,suggestie
V_1026,Didecyldimethylammonium,20256-56-8,,,,,onbekend
V_926,"1,1-Dichloorfluorethaan",1717-00-6,,404-080-1,404-080-1,404-080-1,suggestie
V_1476,Trifluormethaansulfonzuur,1493-13-6,,,216-087-5,216-087-5,suggestie
V_173,Permethrin,52645-53-1,,258-067-9,258-067-9,258-067-9,suggestie
V_501,"1,2,3-Trichloorpropaan",96-18-4,,202-486-1,202-486-1,202-486-1,suggestie
V_331,Beryllium,7440-41-7,,231-150-7,231-150-7,231-150-7,suggestie
V_808,"2,2',3,3',4,4',5-Heptachloorbifenyl (PCB170)",35065-30-6,,,634-856-7,634-856-7,suggestie
V_354,"2,4-Dinitrofenol",51-28-5,,200-087-7,200-087-7,200-087-7,suggestie
V_762,Magnesium,7439-95-4,,231-104-6,231-104-6,231-104-6,suggestie
V_1380,Perfluor-4-ethylcyclohexaansulfonzuur (PFECHS),646-83-3,,,,,onbekend
V_813,Di-isooctylftalaat,27554-26-3,,248-523-5,248-523-5,248-523-5,suggestie
V_275,2-Chlooraniline,95-51-2,,,202-426-4,202-426-4,suggestie
V_113,"2,2',5,5'-Tetrachloorbifenyl (PCB52)",35693-99-3,,,621-615-6,621-615-6,suggestie
V_663,Telluur,13494-80-9,,236-813-4,236-813-4,236-813-4,suggestie
V_156,Lincomycine,154-21-2,,,205-824-6,205-824-6,suggestie
V_33,"1,2,3,7,8,9-Hexachloordibenzofuraan",72918-21-9,,,694-765-3,694-765-3,suggestie
V_1465,Butylmethoxydibenzoylmethaan,70356-09-1,,274-581-6,,,kandidaten_niet_bevestigd
V_2183,Heptaanzuur,111-14-8,,203-838-7,203-838-7,203-838-7,suggestie
V_392,Isodrin,465-73-6,,207-366-2,207-366-2,207-366-2,suggestie
V_146,Clindamycine,18323-44-9,,,242-209-1,242-209-1,suggestie
V_627,"2,4,6-Trichloor-1,3,5-triazine",108-77-0,,203-614-9,203-614-9,203-614-9,suggestie
V_386,Hexachloorbutadieen,87-68-3,201-765-5,201-765-5,201-765-5,201-765-5,bevestigd
V_1291,Marbofloxacine,115550-35-1,,,,,onbekend
V_1969,alfa-Pineen,80-56-8,,201-291-9,201-291-9; 219-445-9,201-291-9; 219-445-9,suggestie
V_1277,Dapsone,80-08-0,201-248-4,201-248-4,201-248-4,201-248-4,bevestigd
V_106,Erythromycine,114-07-8,,,204-040-1; 616-217-4,204-040-1; 616-217-4,suggestie
V_983,Perfluorbutaansulfonzuur (PFBS),375-73-5,,206-793-1,206-793-1,206-793-1,suggestie
V_1610,3-Methylpentaan,96-14-0,,202-481-4,202-481-4,202-481-4,suggestie
V_417,Metoxuron,19937-59-8,,243-433-2,243-433-2,243-433-2,suggestie
V_560,Tetrachloormethaan,56-23-5,,200-262-8,200-262-8,200-262-8,suggestie
V_730,n-Pentaan,109-66-0,,203-692-4,203-692-4,203-692-4,suggestie
V_623,Chloraat,14866-68-3,,,,,onbekend
V_1017,Dodecylpyridinium,207234-02-4,,,629-675-5; 959-451-5,629-675-5; 959-451-5,suggestie
V_451,"3,5-Dichloornitrobenzeen",618-62-2,210-557-3,,210-557-3,210-557-3,bevestigd
V_1286,Ceftiofur,80370-57-6,,,,,onbekend
V_1248,Sulfadoxine,2447-57-6,219-504-9,,219-504-9,219-504-9,bevestigd
V_707,"trans-1,2-Dichlooretheen",156-60-5,,205-860-2,,,kandidaten_niet_bevestigd
V_2143,Deceen,25339-53-1,,246-870-7,246-870-7,246-870-7,suggestie
V_208,Metoprololtartraat,56392-17-7,,,260-148-9,260-148-9,suggestie
V_818,Propyleenoxide,75-56-9,,200-879-2,200-879-2,200-879-2,suggestie
V_1348,Methylkwik,22967-92-6,,694-823-8,,,kandidaten_niet_bevestigd
V_998,Dibenzofuraan,132-64-9,,,205-071-3,205-071-3,suggestie
V_368,Metazachloor,67129-08-2,,266-583-0,266-583-0,266-583-0,suggestie
V_729,n-Butaan,106-97-8,,203-448-7,203-448-7,203-448-7,suggestie
V_725,4-(4-Chloor-2-methylfenoxy)boterzuur,94-81-5,,202-365-3,,,kandidaten_niet_bevestigd
V_2148,Diethylether,60-29-7,,200-467-2,200-467-2,200-467-2,suggestie
V_1404,N-methylperfluorbutaansulfonamide (MePFBSA),68298-12-4,614-396-3,,614-396-3,614-396-3,bevestigd
V_943,Metribuzin,21087-64-9,,244-209-7,244-209-7,244-209-7,suggestie
V_989,Cypermethrin,52315-07-8,257-842-9,257-842-9,257-842-9; 619-306-6,257-842-9; 619-306-6,bevestigd
V_545,4-Chloor-3-methylfenol,59-50-7,,200-431-6,200-431-6; 215-309-8,200-431-6; 215-309-8,suggestie
V_2198,iso-Valeriaanzuur,503-74-2,,,207-975-3,207-975-3,suggestie
V_956,Quinoxyfen,124495-18-7,,,602-997-3,602-997-3,suggestie
V_1076,Rabeprazol,117976-89-3,,,,,onbekend
V_2059,3-Methyl-2-butanon,563-80-4,,209-264-3,209-264-3,209-264-3,suggestie
V_1543,Butyldiglycol,112-34-5,,203-961-6,203-961-6,203-961-6,suggestie
V_1267,Cefalonium,5575-21-3,226-948-7,,226-948-7,226-948-7,bevestigd
V_2038,Esfenvaleraat,66230-04-4,,613-911-9,,,kandidaten_niet_bevestigd
V_469,Peryleen,198-55-0,,,205-900-9,205-900-9,suggestie
V_544,4-Chloor-2-nitrotolueen,89-59-8,,,201-921-2,201-921-2,suggestie
V_165,Pendimethalin,40487-42-1,,254-938-2,,,kandidaten_niet_bevestigd
V_336,"Chroom, zeswaardig",18540-29-9,,,606-053-1,606-053-1,suggestie
V_2128,Carbofenothion,786-19-6,,212-324-1,212-324-1,212-324-1,suggestie
V_168,Fenpropidin,67306-00-7,,614-049-6,,,kandidaten_niet_bevestigd
V_338,Kobalt,7440-48-4,,231-158-0,231-158-0,231-158-0,suggestie
V_505,"1,2-Dichlooretheen",540-59-0,,208-750-2,208-750-2,208-750-2,suggestie
V_1910,Propyn,74-99-7,,,200-828-4,200-828-4,suggestie
V_206,Bifenox,42576-02-3,255-894-7,255-894-7,642-906-4,642-906-4,afwijkend
V_128,Naftaleen,91-20-3,202-049-5,202-049-5,202-049-5,202-049-5,bevestigd
V_760,cis-2-Penteen,627-20-3,,,,,onbekend
V_993,Prothiofos,34643-46-4,,,252-125-7; 685-654-0,252-125-7; 685-654-0,suggestie
V_640,Diethylamine,109-89-7,,203-716-3,203-716-3,203-716-3,suggestie
V_687,Natriumchloride,7647-14-5,,231-598-3,231-598-3; 617-042-6,231-598-3; 617-042-6,suggestie
V_416,Metabenzthiazuron,18691-97-9,,242-505-0,242-505-0,242-505-0,suggestie
V_873,Hexabroomcyclododecaan,3194-55-6,33-16-9,221-695-9,221-695-9,221-695-9,afwijkend
V_512,"trans-1,3-Dichloorpropeen",10061-02-6,,,,,onbekend
V_694,Methidation,950-37-8,,213-449-4,213-449-4,213-449-4,suggestie
V_175,Tin,7440-31-5,,231-141-8,,,kandidaten_niet_bevestigd
V_764,Kalium,7440-09-7,,231-119-8,231-119-8,231-119-8,suggestie
V_507,"1,3,5-Trichloorbenzeen",108-70-3,,203-608-6,203-608-6,203-608-6,suggestie
V_2261,nitrilotriazijnzuur,26627-45-2,,,,,onbekend
V_207,Aclonifen,74070-46-5,277-704-1,277-704-1,277-704-1,277-704-1,bevestigd
V_1600,2-Methylheptaan,592-27-8,,209-747-9,209-747-9,209-747-9,suggestie
V_819,Isobutanol,78-83-1,,201-148-0,201-148-0,201-148-0,suggestie
V_1397,8:2 fluortelomeerfosfaat monoester (8:2 PAP),57678-03-2,,,,,onbekend
V_182,n-Butylacrylaat,141-32-2,,205-480-7,205-480-7,205-480-7,suggestie
V_629,bis-(2-Chloorisopropyl)-ether,39638-32-9,,,254-554-5,254-554-5,suggestie
V_529,"2,4-Dichloorfenol",120-83-2,,204-429-6,204-429-6,204-429-6,suggestie
V_1364,N-methylperfluoroctaan-1-sulfonamide (MePFOSA),31506-32-8,250-665-8,,,,onbekend
V_997,Benzofuraan,271-89-6,,,205-982-6,205-982-6,suggestie
V_491,4-n-Nonylfenol,104-40-5,203-199-4,,203-199-4,203-199-4,bevestigd
V_2053,2-Ethylhexaanzuur,149-57-5,,205-743-6,205-743-6,205-743-6,suggestie
V_739,Undecaan,61193-21-3,,,214-300-6,214-300-6,suggestie
V_1757,Waterstofcyanide,74-90-8,,200-821-6,200-821-6,200-821-6,suggestie
V_907,Tris-(2-chloorisopropyl)-fosfaat,13674-84-5,,237-158-7,237-158-7,237-158-7,suggestie
V_2338,actinoliet,77536-66-4,,,,,onbekend
V_1608,3-Methylhexaan,589-34-4,,209-643-3,209-643-3,209-643-3,suggestie
V_2178,Furathiocarb,65907-30-4,,265-974-3,265-974-3,265-974-3,suggestie
V_797,Dibutyltinoxide,818-08-6,,212-449-1,212-449-1,212-449-1,suggestie
V_1055,Alfa-Olefinesulfonaten,72674-05-6,,,,,onbekend
V_161,Venlafaxine,93413-69-5,,,618-944-2,618-944-2,suggestie
V_81,"2,3,3',4,4',5'-Hexachloorbifenyl (PCB157)",69782-90-7,,,,,onbekend
V_992,Fenchloorfos,299-84-3,,206-082-6,206-082-6,206-082-6,suggestie
V_1827,Ozon,10028-15-6,,233-069-2,233-069-2; 629-936-3,233-069-2; 629-936-3,suggestie
V_572,Dimethoaat,60-51-5,,200-480-3,200-480-3,200-480-3,suggestie
V_497,Ethyleenoxide,75-21-8,,200-849-9,200-849-9; 617-762-0,200-849-9; 617-762-0,suggestie
V_68,Ethaanthiol,75-08-1,,200-837-3,200-837-3,200-837-3,suggestie
V_899,Dicyclohexylftalaat,84-61-7,,201-545-9,201-545-9,201-545-9,suggestie
V_538,"3,5-Dichloorfenol",591-35-5,,,209-714-9,209-714-9,suggestie
V_870,"2,2',4,4',5,6'-Hexabroomdifenylether (BDE154)",207122-15-4,,,,,onbekend
V_408,Atrazine,1912-24-9,217-617-8,217-617-8,217-617-8,217-617-8,bevestigd
V_863,"2,4,4'-Tribroomdifenylether (BDE28)",41318-75-6,,,868-402-6,868-402-6,suggestie
V_90,Bezafibraat,41859-67-0,,,255-567-9,255-567-9,suggestie
V_795,Fenbutatinoxide,13356-08-6,,236-407-7,,,kandidaten_niet_bevestigd
V_2357,Pyrazole,288-13-1,,,206-017-1,206-017-1,suggestie
V_375,Dichloorprop,120-36-5,,204-390-5,204-390-5,204-390-5,suggestie
V_185,"2,4,5-Trichlooraniline",636-30-6,,,211-254-9,211-254-9,suggestie
V_924,Pentamethyldiethyleentriamine,3030-47-5,,221-201-1,,,kandidaten_niet_bevestigd
V_94,Fluoxetine,54910-89-3,,,,,onbekend
V_86,Desethylterbutylazine,30125-63-4,,,,,onbekend
V_894,17-alfa-Estradiol,57-91-0,,,200-354-8,200-354-8,suggestie
V_1283,Dicloxacilline,1173-88-2,221-488-3,,,,onbekend
V_228,Di-isononylftalaat,28553-12-0,,249-079-5,249-079-5,249-079-5,suggestie
V_1430,"3,3',4,4'- Tetrabroomdifenylether (BDE77)",93703-48-1,,,621-837-3,621-837-3,suggestie
V_35,"1,2,3,4,6,7,8-Heptachloordibenzofuraan",67562-39-4,,,694-815-4,694-815-4,suggestie
V_154,Dicofol,115-32-2,204-082-0,204-082-0,204-082-0,204-082-0,bevestigd
V_667,Uranium,7440-61-1,,231-170-6,231-170-6,231-170-6,suggestie
V_87,"1,1,1,2-Tetrafluorethaan (HFK134a)",811-97-2,,212-377-0,212-377-0,212-377-0,suggestie
V_355,2-Nitrofenol,88-75-5,,,201-857-5,201-857-5,suggestie
V_1360,8:2 fluortelomeersulfonzuur (8:2 FTS),39108-34-4,254-295-8,,254-295-8,254-295-8,bevestigd
V_2324,Triadimefon,43121-43-3,,256-103-8,256-103-8,256-103-8,suggestie
V_362,Nitrobenzeen,98-95-3,33-21-6,202-716-0,202-716-0,202-716-0,afwijkend
V_276,"3,4-Dichlooraniline",95-76-1,,202-448-4,202-448-4,202-448-4,suggestie
V_137,Hydrochloorthiazide,58-93-5,,,200-403-3,200-403-3,suggestie
V_2044,2-Heptanon,110-43-0,,203-767-1,203-767-1,203-767-1,suggestie
V_122,Chryseen,218-01-9,,205-923-4,205-923-4,205-923-4,suggestie
V_984,Perfluorhexaansulfonzuur (PFHxS),355-46-4,,,206-587-1,206-587-1,suggestie
V_32,"1,2,3,6,7,8-Hexachloordibenzofuraan",57117-44-9,,,,,onbekend
V_2343,bisoprolol,66722-44-9,,,,,onbekend
V_350,Zilver,7440-22-4,,231-131-3,231-131-3; 628-860-8; 920-159-8,231-131-3; 628-860-8; 920-159-8,suggestie
V_1361,10:2 fluortelomeersulfonzuur (10:2 FTS),120226-60-0,,,,,onbekend
V_290,Dipropylftalaat,131-16-8,,,205-015-8,205-015-8,suggestie
V_610,"2,2'-Dichloorbenzidine",84-68-4,,,,,onbekend
V_2314,Tetrahydrothiofeen,110-01-0,,203-728-9,203-728-9,203-728-9,suggestie
V_76,"Dibenzo(a,j)anthraceen",224-41-9,,,205-928-1; 681-933-6,205-928-1; 681-933-6,suggestie
V_1906,Propadieen,463-49-0,,,207-335-3,207-335-3,suggestie
V_947,Oxadiazon,19666-30-9,,243-215-7,243-215-7,243-215-7,suggestie
V_1075,Cinnarizine,298-57-7,,,206-064-8,206-064-8,suggestie
V_895,17-alfa-Ethinylestradiol,57-63-6,,,200-342-2,200-342-2,suggestie
V_932,"2,6-Dichloorbenzamide",2008-58-4,,,217-918-4,217-918-4,suggestie
V_708,Isopentaan,78-78-4,,201-142-8,201-142-8,201-142-8,suggestie
V_2111,broomdichloorazijnzuur,71133-14-7,,,623-296-9,623-296-9,suggestie
V_477,Fonofos,944-22-9,,213-408-0,213-408-0,213-408-0,suggestie
V_598,"1,1-Dichloorpropeen",563-58-6,,209-253-3,209-253-3,209-253-3,suggestie
V_2341,anthofylliet,77536-67-5,,,,,onbekend
V_592,sec-Butylbenzeen,135-98-8,,,205-227-0,205-227-0,suggestie
V_1762,Salpeterzuur,7697-37-2,,231-714-2,231-714-2; 682-472-3,231-714-2; 682-472-3,suggestie
V_176,Titaan,7440-32-6,,,231-142-3,231-142-3,suggestie
V_25,Metamitron,41394-05-2,,255-349-3,255-349-3,255-349-3,suggestie
V_527,"2,4,5-Trichloorfenol",95-95-4,,202-467-8,202-467-8,202-467-8,suggestie
V_1458,Perfluor-n-propaansulfonzuur,423-41-6,,,,,onbekend
V_695,Pirimifos-methyl,29232-93-7,,249-528-5,249-528-5,249-528-5,suggestie
V_1385,"2,3,4,5 Tetrachlooraniline",634-83-3,,,211-216-1,211-216-1,suggestie
V_2298,tert-Amyl methyl ether (TAME),994-05-8,,213-611-4,213-611-4,213-611-4,suggestie
V_2165,Ethylamine,75-04-7,,200-834-7,200-834-7,200-834-7,suggestie
V_842,Tolueendiamine,95-80-7,,202-453-1,202-453-1,202-453-1,suggestie
V_845,Monooctyltin,15231-57-9,,,,,onbekend
V_204,Triclopyr,55335-06-3,,,259-597-3,259-597-3,suggestie
V_978,Perfluorbutaanzuur (PFBA),375-22-4,,,206-786-3,206-786-3,suggestie
V_1776,Levoglucosan,498-07-7,,,207-855-0,207-855-0,suggestie
V_685,Fenolen,64743-03-9,,,,,onbekend
V_446,"2,4-Dichloornitrobenzeen",611-06-3,,,210-248-3,210-248-3,suggestie
V_721,Bentazone,25057-89-0,,246-585-8,246-585-8,246-585-8,suggestie
V_601,Broombenzeen,108-86-1,,203-623-8,203-623-8,203-623-8,suggestie
V_803,Sebutylazine,7286-69-3,,,230-710-8,230-710-8,suggestie
V_880,Titaandioxide,13463-67-7,,236-675-5,236-675-5; 643-044-1,236-675-5; 643-044-1,suggestie
V_189,3-Chloor-4-methylaniline,95-74-9,,,202-446-3,202-446-3,suggestie
V_1304,Lanthaan,7439-91-0,,,231-099-0,231-099-0,suggestie
V_1995,meta-Tolualdehyde,620-23-5,,,210-632-0,210-632-0,suggestie
V_1799,Distikstofmonoxide,10024-97-2,,233-032-0,233-032-0,233-032-0,suggestie
V_332,Boor,7440-42-8,,231-151-2,231-151-2; 689-761-3,231-151-2; 689-761-3,suggestie
V_621,Hypochloriet,14380-61-1,,,807-894-9,807-894-9,suggestie
V_974,n-Propanol,71-23-8,,200-746-9,200-746-9,200-746-9,suggestie
V_242,"2,4-Dichloorbifenyl (PCB 7)",33284-50-3,,,,,onbekend
V_783,Terbutryn,886-50-0,212-950-5,212-950-5,212-950-5,212-950-5,bevestigd
V_70,Fluoride,16984-48-8,,,,,onbekend
V_1541,Propyleenglycol,57-55-6,,200-338-0,200-338-0; 613-293-0,200-338-0; 613-293-0,suggestie
V_666,Trichlooracetaldehyde-hydraat,302-17-0,,206-117-5,206-117-5,206-117-5,suggestie
V_952,Promecarb,2631-37-0,,220-113-0,220-113-0,220-113-0,suggestie
V_63,Epoxiconazole,133855-98-8,,406-850-2,406-850-2; 600-739-4; 603-768-0,406-850-2; 600-739-4; 603-768-0,suggestie
V_1261,Cefapirine,21593-23-7,244-466-5,,244-466-5,244-466-5,bevestigd
V_325,"Natrium, éénwaardig",17341-25-2,,,,,onbekend
V_726,Parathion-ethyl,56-38-2,,200-271-7,200-271-7,200-271-7,suggestie
V_2197,Isoquinoline,119-65-3,,,204-341-8,204-341-8,suggestie
V_936,Dichlobenil,1194-65-6,,214-787-5,214-787-5,214-787-5,suggestie
V_851,Endrin keton,53494-70-5,,,,,onbekend
V_152,Octabroomdifenylether,32536-52-0,,251-087-9,,,kandidaten_niet_bevestigd
V_756,Ethion,563-12-2,,209-242-3,209-242-3,209-242-3,suggestie
V_657,Triallaat,2303-17-5,,218-962-7,218-962-7,218-962-7,suggestie
V_1464,Benzofenon-3,131-57-7,,205-031-5,205-031-5,205-031-5,suggestie
V_2105,Butylamine,109-73-9,,203-699-2,203-699-2,203-699-2,suggestie
V_546,4-Chloorfenol,106-48-9,,203-402-6,203-402-6,203-402-6,suggestie
V_2285,Phenothrin,26002-80-2,,,247-404-5,247-404-5,suggestie
V_140,Fenazon,60-80-0,,,200-486-6,200-486-6,suggestie
V_606,Trifenyltinacetaat,900-95-8,,212-984-0,212-984-0,212-984-0,suggestie
V_41,"1,2,3,7,8,9-Hexachloordibenzo-para-dioxine",19408-74-3,,,694-810-7,694-810-7,suggestie
V_909,Tetraethylpyrofosfaat,107-49-3,,203-495-3,203-495-3,203-495-3,suggestie
V_2344,p-(tert)Butylfenol,98-54-4,,202-679-0,202-679-0,202-679-0,suggestie
V_473,Metobromuron,3060-89-7,,,221-301-5,221-301-5,suggestie
V_1546,Isopropylglycol,109-59-1,,203-685-6,,,kandidaten_niet_bevestigd
V_951,trans-Permethrin,61949-77-7,,,621-517-3,621-517-3,suggestie
V_874,Tetrabroombisfenol-A,79-94-7,,201-236-9,201-236-9,201-236-9,suggestie
V_2342,betaxolol,63659-18-7,,,,,onbekend
V_1022,Hexadecyltrimethylammonium,57-09-0,,200-311-3,200-311-3,200-311-3,suggestie
V_1266,Danofloxacine,112398-08-0,918-378-9,,,,onbekend
V_2247,Kerosine,8008-20-6,,232-366-4,,,kandidaten_niet_bevestigd
V_533,2-Chloorethanol,107-07-3,,203-459-7,203-459-7,203-459-7,suggestie
V_745,trans-2-Penteen,646-04-8,,,,,onbekend
V_2146,Difenylamine,122-39-4,,204-539-4,204-539-4,204-539-4,suggestie
V_781,Glyfosaat,1071-83-6,,213-997-4,213-997-4,213-997-4,suggestie
V_1074,Pipamperon,1893-33-0,,,,,onbekend
V_213,Acrylamide,79-06-1,,201-173-7,201-173-7,201-173-7,suggestie
V_2356,pyraclostrobin,175013-18-0,,605-747-1,605-747-1,605-747-1,suggestie
V_1498,"2,2',3,4,4',5,6,6'-Octachloorbifenyl",74472-52-9,,,,,onbekend
V_520,"2,3,4,6-Tetrachloorfenol",58-90-2,,200-402-8,200-402-8,200-402-8,suggestie
V_2154,Dimethoxymethaan,109-87-5,,203-714-2,203-714-2,203-714-2,suggestie
V_444,2-Chloor-6-nitrotolueen,83-42-1,,,201-475-9,201-475-9,suggestie
V_753,Heptenofos,23560-59-0,,245-737-0,245-737-0,245-737-0,suggestie
V_1518,Bisfenol-AF,1478-61-1,,216-036-7,216-036-7,216-036-7,suggestie
V_2176,Fluazinam,79622-59-6,,616-712-5,616-712-5,616-712-5,suggestie
V_736,Iso-octaan,540-84-1,,208-759-1,208-759-1; 247-861-0; 695-043-0; 921-678-2,208-759-1; 247-861-0; 695-043-0; 921-678-2,suggestie
V_1676,Butyraldehyde,123-72-8,,204-646-6,204-646-6,204-646-6,suggestie
V_1062,Benzo(j)fluorantheen,205-82-3,,205-910-3,205-910-3,205-910-3,suggestie
V_138,Dimetridazol,551-92-8,,,209-001-2,209-001-2,suggestie
V_40,"1,2,3,6,7,8-Hexachloordibenzo-para-dioxine",57653-85-7,,,694-811-2,694-811-2,suggestie
V_1605,2-Penteen,109-68-2,,,,,onbekend
V_1250,Sulfadimethoxine,122-11-2,204-523-7,,204-523-7,204-523-7,bevestigd
V_1624,9-chloorhexadecafluor-3-oxanonaan-1-sulfonzuur,756426-58-1,,,,,onbekend
V_917,Pentabroomtolueen,87-83-2,,,201-774-4,201-774-4,suggestie
V_104,Trimethoprim,738-70-5,,,212-006-2,212-006-2,suggestie
V_2057,2-Octanol,123-96-6,,,204-667-0; 223-938-4,204-667-0; 223-938-4,suggestie
V_2319,Tripropyleenglycol,24800-44-0,,246-466-0,,,kandidaten_niet_bevestigd
V_85,"2,3,3',4,4',5,5'-Heptachloorbifenyl (PCB189)",39635-31-9,,,,,onbekend
V_180,Ethylacrylaat,140-88-5,,205-438-8,205-438-8,205-438-8,suggestie
V_279,4-Chlooraniline,106-47-8,,203-401-0,203-401-0,203-401-0,suggestie
V_158,Primidon,125-33-7,,,204-737-0,204-737-0,suggestie
V_2305,Trichloorbroommethaan,75-62-7,,,200-886-0,200-886-0,suggestie
V_508,"1,3-Dichloor-2-propanol",96-23-1,,202-491-9,202-491-9,202-491-9,suggestie
V_247,Nitraat,14797-55-8,,,,,onbekend
V_124,Fenantreen,85-01-8,,201-581-5,201-581-5; 695-039-9,201-581-5; 695-039-9,suggestie
V_2248,lambda-Cyhalothrin,91465-08-6,,415-130-7,415-130-7,415-130-7,suggestie
V_2262,Octaanzuur,124-07-2,,204-677-5,204-677-5,204-677-5,suggestie
V_353,"2,4-Dimethylfenol",105-67-9,,203-321-6,203-321-6,203-321-6,suggestie
V_294,"2,3,5-Trimethylfenol",697-82-5,,211-806-9,211-806-9,211-806-9,suggestie
V_866,"2,2',3,4,4'-Pentabroomdifenylether (BDE85)",182346-21-0,,,,,onbekend
V_1292,Nafcilline,147-52-4,205-690-9,,205-690-9,205-690-9,bevestigd
V_815,Butylacetaat,123-86-4,,204-658-1,204-658-1,204-658-1,suggestie
V_531,"2-Chloor-1,3-butadieen",126-99-8,,204-818-0,204-818-0,204-818-0,suggestie
V_563,Trichloorfenol,25167-82-2,,,240-083-2,240-083-2,suggestie
V_1386,O-desmethylvenlafaxine,93413-62-8,700-516-2,,700-516-2,700-516-2,bevestigd
V_524,"2,3,6-Trichloorfenol",933-75-5,,,213-271-7,213-271-7,suggestie
V_802,Simazine,122-34-9,204-535-2,204-535-2,204-535-2,204-535-2,bevestigd
V_2050,2-Chloor-5-methyaniline,95-81-8,,,202-454-7,202-454-7,suggestie
V_418,Monolinuron,1746-81-2,,217-129-5,217-129-5,217-129-5,suggestie
V_23,Dimethenamid,87674-68-8,,,618-045-5,618-045-5,suggestie
V_2125,Crosidoliet,12001-28-4,,,,,onbekend
V_833,Dichloorethaan,1300-21-6,,,200-863-5,200-863-5,suggestie
V_323,"Kalium, éénwaardig",24203-36-9,,,,,onbekend
V_1575,"1,3-Butadieen",106-99-0,,203-450-8,203-450-8,203-450-8,suggestie
V_569,Azinfos-ethyl,2642-71-9,,220-147-6,220-147-6,220-147-6,suggestie
V_514,"1-Chloor-2,4-dinitrobenzeen",97-00-7,,,202-551-4,202-551-4,suggestie
V_88,Amidotrizoinezuur,50978-11-5,,,,,onbekend
V_351,Zink,7440-66-6,,231-175-3,231-175-3,231-175-3,suggestie
V_1425,"2,2',3,3',4,4',6,6'-Octabroomdifenylether (BDE197)",117964-21-3,,,,,onbekend
V_2115,Candesartan,139481-59-7,,,,,onbekend
V_187,"2,3,5,6-Tetrachlooraniline",3481-20-7,,,222-461-9,222-461-9,suggestie
V_1427,"2,2',3,3',4,4',5,6,6'-Nonabroomdifenylether (BDE207)",437701-79-6,,,,,onbekend
V_186,"3,4,5-Trichlooraniline",634-91-3,,,211-218-2,211-218-2,suggestie
V_319,Chlorofyl a,42617-16-3,3164-01-0,,207-536-6,207-536-6,afwijkend
V_665,Tributylfosfaat,126-73-8,,204-800-2,204-800-2,204-800-2,suggestie
V_940,Isoprocarb,2631-40-5,,220-114-6,220-114-6,220-114-6,suggestie
V_391,gamma-Hexachloorcyclohexaan,58-89-9,,200-401-2,,,kandidaten_niet_bevestigd
V_2325,Triethyleentetramine,112-24-3,,203-950-6,203-950-6,203-950-6,suggestie
V_882,Renium,7440-15-5,,,231-124-5,231-124-5,suggestie
V_2083,Amosiet,12172-73-5,,,601-801-3,601-801-3,suggestie
V_567,Dichloorvos,62-73-7,200-547-7,200-547-7,200-547-7,200-547-7,bevestigd
V_83,"3,3',4,4'-Tetrachloorbifenyl (PCB77)",32598-13-3,,,,,onbekend
V_2351,Fenvalerate,51630-58-1,,,257-326-3,257-326-3,suggestie
V_179,Methylacrylaat,96-33-3,,202-500-6,202-500-6,202-500-6,suggestie
V_1528,Etoxazool,153233-91-1,,,604-891-2,604-891-2,suggestie
V_1285,Thiamfenicol,15318-45-3,,,239-355-3,239-355-3,suggestie
V_335,Chroom,7440-47-3,,231-157-5,231-157-5,231-157-5,suggestie
V_1478,Benzylalcohol,100-51-6,,202-859-9,202-859-9; 835-314-4,202-859-9; 835-314-4,suggestie
V_754,Sulfotep,3689-24-5,,222-995-2,222-995-2,222-995-2,suggestie
V_393,(4-Chloor-2-methylfenoxy)azijnzuur,94-74-6,,202-360-6,202-360-6,202-360-6,suggestie
V_624,"Ijzer, tweewaardig",15438-31-0,,,,,onbekend
V_821,Pyridine,110-86-1,,203-809-9,203-809-9,203-809-9,suggestie
V_432,"1,1,1-Trichloorethaan",71-55-6,,200-756-3,200-756-3,200-756-3,suggestie
V_115,Acenaftyleen,208-96-8,,,205-917-1,205-917-1,suggestie
V_1265,Cefalexine,15686-71-2,239-773-6,,239-773-6,239-773-6,bevestigd
V_830,Ethyleendiaminetetra-azijnzuur,60-00-4,,200-449-4,200-449-4,200-449-4,suggestie
V_987,Etyleenglycol,107-21-1,,203-473-3,203-473-3; 609-475-4,203-473-3; 609-475-4,suggestie
V_2327,Valeriaanzuur,109-52-4,,203-677-2,203-677-2,203-677-2,suggestie
V_153,Nonabroomdifenylether,63936-56-1,,,,,onbekend
V_1374,Arsenobetaïne,64436-13-1,634-697-3,,,,onbekend
V_2061,"4,4’-methylenebis(2-chloroaniline)",102411-06-3,,,,,onbekend
V_2041,2-Chloor-5-nitrotolueen,13290-74-9,,,236-306-8,236-306-8,suggestie
V_891,2-Furaanmethanol,98-00-0,,202-626-1,202-626-1,202-626-1,suggestie
V_1630,Acetaldehyde,75-07-0,,200-836-8,200-836-8,200-836-8,suggestie
V_119,Benzo(b)fluorantheen,205-99-2,205-911-9,205-911-9,205-911-9,205-911-9,bevestigd
V_2102,"2,3,3’,4,4’,5,5’,6-octabromodifenyl ether (BDE 205)",446255-56-7,,,,,onbekend
V_388,beta-Hexachloorcyclohexaan,319-85-7,,,,,onbekend
V_256,Koolstofdisulfide,75-15-0,,200-843-6,200-843-6,200-843-6,suggestie
V_1370,Benzotriazool,95-14-7,,202-394-1,202-394-1,202-394-1,suggestie
V_1282,Tetracycline,60-54-8,200-481-9,,,,onbekend
V_2258,Methylacetaat,79-20-9,,201-185-2,201-185-2,201-185-2,suggestie
V_366,Styreen,100-42-5,,202-851-5,202-851-5; 616-714-6,202-851-5; 616-714-6,suggestie
V_1241,Gamithromycine,145435-72-9,,,,,onbekend
V_2289,Pyrethrin-1,121-21-1,,204-455-8,204-455-8,204-455-8,suggestie
V_905,Tributoxyethylfosfaat,78-51-3,,201-122-9,201-122-9,201-122-9,suggestie
V_2152,"N,N Dimethylethanolamine",108-01-0,,203-542-8,203-542-8,203-542-8,suggestie
V_2168,Endosulfan (a+b+sulfaat),115-29-7,,204-079-4,204-079-4,204-079-4,suggestie
V_1398,Perfluoroctaansulfonamidoazijnzuur (PFOSAA),2806-24-8,,,,,onbekend
V_383,cis-Heptachloorepoxyde,1024-57-3,,213-831-0,213-831-0,213-831-0,suggestie
V_1986,Isobutaanaldehyde,78-84-2,,201-149-6,201-149-6,201-149-6,suggestie
V_129,Pyreen,129-00-0,,204-927-3,204-927-3,204-927-3,suggestie
V_2348,clenbuterol,37148-27-9,,,253-366-0; 256-529-4,253-366-0; 256-529-4,suggestie
V_378,beta-Endosulfan,33213-65-9,,,625-034-9,625-034-9,suggestie
V_775,"1,1,2-Trichloortrifluorethaan",76-13-1,,,200-936-1,200-936-1,suggestie
V_1394,Tetraconazool,112281-77-3,407-760-6,407-760-6,407-760-6,407-760-6,bevestigd
V_376,Dieldrin,60-57-1,,200-484-5,200-484-5,200-484-5,suggestie
V_1295,Cesium,7440-46-2,,,231-155-4,231-155-4,suggestie
V_1506,Nonafluorobutaan-1-sulfonyl)- carboxymethylaminoazijnzuur,1268835-43-3,,,,,onbekend
V_542,4-Chloor-2-methylfenol,1570-64-5,,216-381-3,216-381-3,216-381-3,suggestie
V_939,Fenamifos,22224-92-6,,244-848-1,244-848-1,244-848-1,suggestie
V_120,"Benzo(g,h,i)peryleen",191-24-2,205-883-8,205-883-8,205-883-8,205-883-8,bevestigd
V_1262,Enrofloxacine,93106-60-6,,,,,onbekend
V_197,gamma-Hexabroomcyclododecaan,134237-52-8,,,603-804-5,603-804-5,suggestie
V_2113,Buprofezine,69327-76-0,,,,,onbekend
V_761,"2,5-Dichloorfenol",583-78-8,,,209-520-4,209-520-4,suggestie
V_333,Cadmium,7440-43-9,231-152-8,231-152-8,231-152-8,231-152-8,bevestigd
V_2106,Benzeenazijnzuur,103-82-2,,,203-148-6,203-148-6,suggestie
V_2086,Anthophylliet,77536-67-5,,,,,onbekend
V_112,"2,4,4'-Trichloorbifenyl (PCB28)",7012-37-5,,,230-293-2,230-293-2,suggestie
V_1463,Octocryleen,6197-30-4,,228-250-8,228-250-8,228-250-8,suggestie
V_1000,Acridine,260-94-6,,,205-971-6,205-971-6,suggestie
V_712,2-Isopropylfenol,88-69-7,,,201-852-8,201-852-8,suggestie
V_1992,Isovaleraldehyde,590-86-3,,209-691-5,209-691-5,209-691-5,suggestie
V_1839,"3,3'-Dichloorbifenyl (PCB11)",2050-67-1,,,621-287-4,621-287-4,suggestie
V_1909,Propionaldehyde,123-38-6,,204-623-0,204-623-0,204-623-0,suggestie
V_1611,3-Nitrofluorantheen,892-21-7,,,681-940-4,681-940-4,suggestie
V_2108,Benzoëzuur,65-85-0,,200-618-2,200-618-2,200-618-2,suggestie
V_1363,N-ethylperfluoroctaansulfonamidoazijnzuur,2991-50-6,221-061-1,,,,onbekend
V_504,"1,2-Dichloorethaan",107-06-2,203-458-1,203-458-1,203-458-1,203-458-1,bevestigd
V_36,"1,2,3,4,7,8,9-Heptachloordibenzofuraan",55673-89-7,,,694-836-9,694-836-9,suggestie
V_360,alfa-Methylstyreen,98-83-9,,202-705-0,202-705-0,202-705-0,suggestie
V_528,"2,4,6-Trichloorfenol",88-06-2,,201-795-9,201-795-9,201-795-9,suggestie
V_103,Sulfamethoxazol,723-46-6,,,211-963-3; 656-929-2,211-963-3; 656-929-2,suggestie
V_109,"2,2',3,4,4',5'-Hexachloorbifenyl (PCB138)",35065-28-2,,,621-377-3,621-377-3,suggestie
V_2156,Dodecaanzuur,143-07-7,,205-582-1,205-582-1; 606-539-3; 616-324-6; 616-778-5; 617-074-0,205-582-1; 606-539-3; 616-324-6; 616-778-5; 617-074-0,suggestie
V_868,"2,2',4,4',6-Pentabroomdifenylether (BDE100)",189084-64-8,,,,,onbekend
V_97,Iopromide,73334-07-3,,,277-385-9,277-385-9,suggestie
V_1288,Cefquinome,84957-30-2,,,,,onbekend
V_1293,Goud,7440-57-5,,,231-165-9,231-165-9,suggestie
V_896,Mestranol,72-33-3,,,200-777-8,200-777-8,suggestie
V_2177,Fludioxonil,131341-86-1,,603-476-3,603-476-3,603-476-3,suggestie
V_565,Trichloormethaan,67-66-3,200-663-8,200-663-8,200-663-8,200-663-8,bevestigd
V_1347,"Amides, coco, N-(2-hydroxypropyl)",68333-82-4,,,,,onbekend
V_2060,4.4-Diaminodifenylmethaan,101-77-9,,202-974-4,202-974-4,202-974-4,suggestie
V_770,Chloridazon,1698-60-8,,216-920-2,216-920-2,216-920-2,suggestie
V_2175,"Ijzer, driewaardig",20074-52-6,,,,,onbekend
V_1501,Fluopicolide,239110-15-7,,607-285-6,607-285-6,607-285-6,suggestie
V_2017,para-Tolualdehyde,104-87-0,,,203-246-9,203-246-9,suggestie
V_1276,Chlooramfenicol,56-75-7,200-287-4,,200-287-4,200-287-4,bevestigd
V_1529,Som van Abamectine B1a en  B1b,71751-41-2,,615-339-5,615-339-5,615-339-5,suggestie
V_626,"1,2-Dibroomethaan",106-93-4,,203-444-5,203-444-5,203-444-5,suggestie
V_1003,Dibenzothiofeen,132-65-0,,,205-072-9,205-072-9,suggestie
V_946,2-Hydroxybenzothiazole,934-34-9,,,213-281-1,213-281-1,suggestie
V_622,Boraat,14213-97-9,,,,,onbekend
V_255,Ammoniak,7664-41-7,,231-635-3,231-635-3; 913-720-3; 921-643-1,231-635-3; 913-720-3; 921-643-1,suggestie
V_950,cis-Permetryn,61949-76-6,,,263-346-3,263-346-3,suggestie
V_229,Di-isodecylftalaat,26761-40-0,,,247-977-1,247-977-1,suggestie
V_2149,Dimethylsulfide,75-18-3,,200-846-2,200-846-2,200-846-2,suggestie
V_1417,"2,3',4,4',6-Pentabroomdifenylether (BDE119)",189084-66-0,,,,,onbekend
V_1448,Tri-ethylamine,121-44-8,,204-469-4,204-469-4,204-469-4,suggestie
V_632,Chloornaftalenen (technisch),70776-03-3,,,,,onbekend
V_420,Organohalogenen,59473-04-0,33-46-5,,,,onbekend
V_327,Aluminium,7429-90-5,,231-072-3,231-072-3; 618-785-9; 640-421-2,231-072-3; 618-785-9; 640-421-2,suggestie
V_679,4-Methylfenol,106-44-5,,203-398-6,203-398-6,203-398-6,suggestie
V_1337,C14-17 chlooralkanen,85535-85-9,,287-477-0,,,kandidaten_niet_bevestigd
V_2103,Bis(2-dimethylaminoethyl) ether,3033-62-3,,221-220-5,221-220-5,221-220-5,suggestie
V_82,"2,3',4,4',5,5'-Hexachloorbifenyl (PCB167)",52663-72-6,,,,,onbekend
V_1519,Flurtamone,96525-23-4,,,619-224-0,619-224-0,suggestie
V_77,Methylethylketon,78-93-3,,201-159-0,201-159-0,201-159-0,suggestie
V_942,Methiocarb,2032-65-7,,217-991-2,217-991-2,217-991-2,suggestie
V_2287,Propetamfos,31218-83-4,,250-517-2,250-517-2,250-517-2,suggestie
V_1209,Waterstofperoxide,7722-84-1,,231-765-0,231-765-0,231-765-0,suggestie
V_752,Demeton-S,126-75-0,,204-801-8,204-801-8,204-801-8,suggestie
V_341,Lood,7439-92-1,231-100-4,231-100-4,231-100-4,231-100-4,bevestigd
V_410,Cyanazine,21725-46-2,,244-544-9,244-544-9,244-544-9,suggestie
V_771,"1,2,3,4-Tetrachloorbenzeen",634-66-2,,,211-214-0,211-214-0,suggestie
V_1539,Butylglycol,111-76-2,,203-905-0,203-905-0,203-905-0,suggestie
V_1507,perfluorbutaansulfinezuur (PFBSi),34642-43-8,,,468-070-9,468-070-9,suggestie
V_2263,Octadecaanzuur,57-11-4,,,200-313-4; 680-589-4,200-313-4; 680-589-4,suggestie
V_441,3-Chloor-2-methylaniline,87-60-5,,,201-756-6,201-756-6,suggestie
V_18,Carbetamide,16118-49-3,,240-286-6,240-286-6,240-286-6,suggestie
V_26,Tebuconazole,107534-96-3,403-640-2,403-640-2,403-640-2,403-640-2,bevestigd
V_933,Benzothiazole,95-16-9,,,202-396-2,202-396-2,suggestie
V_1490,"3,5-Dichloordifenyl (PCB 14)",34883-41-5,,,630-495-4,630-495-4,suggestie
V_134,Thiamethoxam,153719-23-4,,428-650-4,428-650-4; 604-921-4,428-650-4; 604-921-4,suggestie
V_449,"2,6-Dichloornitrobenzeen",601-88-7,,,210-009-3,210-009-3,suggestie
V_399,Pentachloorfenol,87-86-5,201-778-6,201-778-6,201-778-6,201-778-6,bevestigd
V_342,Mangaan,7439-96-5,,,231-105-1; 688-447-3,231-105-1; 688-447-3,suggestie
V_559,Tetrachlooretheen,127-18-4,,204-825-9,204-825-9,204-825-9,suggestie
V_651,Thiosulfaat,14383-50-7,,,,,onbekend
V_1482,Chlorofyl c,11003-45-5,,,,,onbekend
V_172,Captan,133-06-2,,205-087-0,205-087-0,205-087-0,suggestie
V_1367,Totaal perfluoroctaansulfonzuur (lineair+vertakt),1763-23-1,,217-179-8,217-179-8,217-179-8,suggestie
V_537,"3,4-Dichloorfenol",95-77-2,,,202-450-5,202-450-5,suggestie
V_1381,Perfluordodecaansulfonzuur (PFDoDS),79780-39-5,279-259-9,,279-259-9,279-259-9,bevestigd
V_963,Perfluorheptaanzuur (PFHpA),375-85-9,,206-798-9,206-798-9,206-798-9,suggestie
V_604,Tetrabutyltin,1461-25-2,,,215-960-8,215-960-8,suggestie
V_1420,"2,3,3',4,4',5-Hexabroomdifenylether (BDE156)",405237-85-6,,,,,onbekend
V_363,ortho-Xyleen,95-47-6,,202-422-2,202-422-2,202-422-2,suggestie
V_714,Bromofos-ethyl,4824-78-6,,225-399-0,225-399-0,225-399-0,suggestie
V_151,Heptabroomdifenylether,68928-80-3,,,,,onbekend
V_475,Prosulfocarb,52888-80-9,,401-730-6,401-730-6,401-730-6,suggestie
V_558,Hexachloorcyclopentadieen,77-47-4,,201-029-3,201-029-3,201-029-3,suggestie
V_901,Azoxystrobin,131860-33-8,,603-524-3,603-524-3,603-524-3,suggestie
V_293,"3,5-Dimethylfenol",108-68-9,,203-606-5,203-606-5,203-606-5,suggestie
V_2015,para-Ethyltolueen,622-96-8,,,210-761-2,210-761-2,suggestie
V_2347,citalopram,59729-33-8,,,261-891-1,261-891-1,suggestie
V_658,"1,4-Dioxaan",123-91-1,,204-661-8,204-661-8,204-661-8,suggestie
V_1424,"2,2',3,3',4,4',5,6'-Octabroomdifenylether (BDE196)",446255-39-6,,,,,onbekend
V_1270,Cinoxacine,28657-80-9,249-133-8,,249-133-8,249-133-8,bevestigd
V_2320,Tremoliet,14567-73-8,,,604-486-0,604-486-0,suggestie
V_1522,6PPD-Quinone,2754428-18-5,893-269-6,,893-269-6,893-269-6,bevestigd
V_1599,2-Methylhexaan,591-76-4,,209-730-6,,209-730-6,suggestie
V_678,Broom,7726-95-6,,231-778-1,231-778-1,231-778-1,suggestie
V_522,"2,3,5,6-Tetrachloorfenol",935-95-5,,,213-310-8,213-310-8,suggestie
V_1384,"2,5-Dimethoxy-4-chlooraniline",6358-64-1,,,228-782-0,228-782-0,suggestie
V_2186,Hexadecaanzuur,57-10-3,,200-312-9,200-312-9,200-312-9,suggestie
V_872,Decabroomdifenylether (BDE209),1163-19-5,,214-604-9,214-604-9; 604-478-7,214-604-9; 604-478-7,suggestie
V_579,Oxydemeton-methyl,301-12-2,33-65-8,206-110-7,206-110-7,206-110-7,afwijkend
V_95,Ibuprofen,15687-27-1,,,,,onbekend
V_922,Fluroxypyr,69377-81-7,,,,,onbekend
V_849,Pyrazofos,13457-18-6,,236-656-1,236-656-1,236-656-1,suggestie
V_1749,Galactosan,644-76-8,,,,,onbekend
V_396,op'Dichloordifenyldichloorethaan,53-19-0,,,200-166-6,200-166-6,suggestie
V_2359,Tralomethrin,66841-25-6,,,266-493-1,266-493-1,suggestie
V_2048,"2,6‑Dinitrotolueen",606-20-2,,210-106-0,210-106-0,210-106-0,suggestie
V_61,Dibroomazijnzuur,631-64-1,,,211-165-5,211-165-5,suggestie
V_139,Lidocaine,137-58-6,,,205-302-8; 684-578-5,205-302-8; 684-578-5,suggestie
V_382,Heptachloor,76-44-8,1024-57-3,200-962-3,200-962-3,200-962-3,afwijkend
V_776,"2,3-Dichloorpropeen",78-88-6,,201-153-8,201-153-8,201-153-8,suggestie
V_1547,Thymol,89-83-8,,201-944-8,201-944-8,201-944-8,suggestie
V_602,Dibroommethaan,74-95-3,,200-824-2,200-824-2,200-824-2,suggestie
V_1379,"Ammonium-4,8-dioxa-3H-perfluornonanoaat (ADONA)",958445-44-8,,,,,onbekend
V_536,"3,4,5-Trichloorfenol",609-19-8,,,210-183-0,210-183-0,suggestie
V_525,"2,3,7,8-Tetrachloordibenzo-para-dioxine",1746-01-6,,,217-122-7,217-122-7,suggestie
V_2316,"2,4,6‑Trinitrotolueen",118-96-7,,204-289-6,204-289-6,204-289-6,suggestie
V_518,1-Chloornaftaleen,90-13-1,,,201-967-3,201-967-3,suggestie
V_42,"1,2,3,4,6,7,8-Heptachloordibenzo-para-dioxine",35822-46-9,,,694-835-3,694-835-3,suggestie
V_1080,Miconazol,22916-47-8,245-324-5,,245-324-5,245-324-5,bevestigd
V_800,Terbutylazine,5915-41-3,,227-637-9,227-637-9,227-637-9,suggestie
V_1494,"2,3,3',4-Tetrachloorbifenyl (PCB 55)",74338-24-2,,,,,onbekend
V_892,Furfuraldehyde,98-01-1,,202-627-7,202-627-7,202-627-7,suggestie
V_709,2-Methylfenol,95-48-7,,202-423-8,202-423-8,202-423-8,suggestie
V_1272,Thiamuline,55297-95-5,259-580-0,,259-580-0,259-580-0,bevestigd
V_2352,gamma-Chloordaan,5566-34-7,,,226-938-2,226-938-2,suggestie
V_1460,Ofloxacine,82419-36-1,,,,,onbekend
V_935,Diethyltoluamide,134-62-3,,205-149-7,205-149-7,205-149-7,suggestie
V_1423,"2,3,3',4,4',5',6-Heptabroomdifenylether (BDE191)",446255-30-7,,,,,onbekend
V_141,Pentoxifylline,6493-05-6,,,229-374-5,229-374-5,suggestie
V_1452,2-(perfluoroctyl)ethylalcohol,678-39-7,,211-648-0,,,kandidaten_niet_bevestigd
V_681,"2,5-Dimethylfenol",95-87-4,,202-461-5,202-461-5,202-461-5,suggestie
V_733,Cyclohexaan,110-82-7,,203-806-2,203-806-2,203-806-2,suggestie
V_184,"2,3,4-Trichlooraniline",634-67-3,,,211-215-6,211-215-6,suggestie
V_2349,crocidoliet,12001-28-4,,,,,onbekend
V_1268,Desacetylcefapirine,38115-21-8,,,,,onbekend
V_738,n-Decaan,124-18-5,,204-686-4,204-686-4; 682-389-2,204-686-4; 682-389-2,suggestie
V_530,"2,6-Dichloorfenol",87-65-0,,,201-761-3,201-761-3,suggestie
V_2265,ortho-Toluidine,95-53-4,,202-429-0,202-429-0,202-429-0,suggestie
V_683,"2,6-Dimethylfenol",576-26-1,,209-400-1,209-400-1,209-400-1,suggestie
V_586,meta-Ethyltolueen,620-14-4,,,210-626-8,210-626-8,suggestie
V_34,"2,3,4,6,7,8-Hexachloordibenzofuraan",60851-34-5,,,694-831-1,694-831-1,suggestie
V_470,2-Hydroxy-atrazine,2163-68-0,,,,,onbekend
V_906,Tris-(2-chloorethyl)-fosfaat,115-96-8,,204-118-5,204-118-5,204-118-5,suggestie
V_135,Imidacloprid,138261-41-3,,428-040-8,428-040-8,428-040-8,suggestie
V_844,Oxaalzuur,6153-56-6,,,612-167-2,612-167-2,suggestie
V_367,Tolueen,108-88-3,,203-625-9,203-625-9; 946-198-0,203-625-9; 946-198-0,suggestie
V_1504,N-methylperfluorbutaansulfonamidoethanol (MeFBSE),34454-97-2,,,252-043-1,252-043-1,suggestie
V_656,Butachloor,23184-66-9,,,,,onbekend
V_655,Acetochloor,34256-82-1,,251-899-3,251-899-3,251-899-3,suggestie
V_521,"2,3,4-Trichloorfenol",15950-66-0,,,240-083-2,240-083-2,suggestie
V_625,Zwavel,7704-34-9,,231-722-6,231-722-6; 685-624-7,231-722-6; 685-624-7,suggestie
V_1492,"2,4,6-Trichloorbifenyl (PCB 30)",35693-92-6,,,621-526-2,621-526-2,suggestie
V_110,"2,2',4,4',5,5'-Hexachloorbifenyl (PCB153)",35065-27-1,,,621-381-5,621-381-5,suggestie
V_758,Ethaan,74-84-0,,200-814-8,200-814-8; 428-270-9,200-814-8; 428-270-9,suggestie
V_652,1-Butanol,71-36-3,,200-751-6,200-751-6,200-751-6,suggestie
V_452,Epichloorhydrine,106-89-8,,203-439-8,203-439-8,203-439-8,suggestie
V_472,Carbendazim,10605-21-7,,234-232-0,234-232-0,234-232-0,suggestie
V_2169,Etrimfos,38260-54-7,,253-855-9,,,kandidaten_niet_bevestigd
V_539,3-Chloorfenol,108-43-0,,203-582-6,203-582-6,203-582-6,suggestie
V_2037,Deltamethrin,52918-63-5,,258-256-6,258-256-6,258-256-6,suggestie
V_552,Chloorbenzeen,108-90-7,,203-628-5,203-628-5; 610-564-5,203-628-5; 610-564-5,suggestie
V_196,beta-Hexabroomcyclododecaan,134237-51-7,,,603-802-4,603-802-4,suggestie
V_977,Perfluorhexaanzuur (PFHxA),307-24-4,,206-196-6,206-196-6,206-196-6,suggestie
V_2353,n-Pentanol,71-41-0,,200-752-1,200-752-1,200-752-1,suggestie
V_1271,Spiramycine I,8025-81-8,232-429-6,,,,onbekend
V_742,trans-2-Buteen,624-64-6,,210-855-3,210-855-3; 618-356-6,210-855-3; 618-356-6,suggestie
V_1418,"3,3',4,4',5-Pentabroomdifenylether (BDE126)",366791-32-4,,,,,onbekend
V_1534,"1H-1,2,4-Triazool",288-88-0,,206-022-9,206-022-9,206-022-9,suggestie
V_2138,Dicyclopentadieen,77-73-6,,201-052-9,201-052-9,201-052-9,suggestie
V_498,Aniline,62-53-3,,200-539-3,200-539-3,200-539-3,suggestie
V_274,"2,6-Dichlooraniline",608-31-1,,,210-160-5,210-160-5,suggestie
V_1525,Cyazofamide,120116-88-3,,,601-671-8,601-671-8,suggestie
V_1060,Methaan,74-82-8,,200-812-7,200-812-7; 231-153-3,200-812-7,suggestie
V_200,Octinoxaat,5466-77-3,,,629-661-9,629-661-9,suggestie
V_45,Calcium,7440-70-2,,231-179-5,231-179-5,231-179-5,suggestie
V_1021,Benzethonium,10172-60-8,,,,,onbekend
V_2150,Di-isopropylamine,108-18-9,,203-558-5,203-558-5,203-558-5,suggestie
V_249,Orthofosfaat,14265-44-2,,,604-302-9,604-302-9,suggestie
V_2119,Citalopram,59729-33-8,,,261-891-1,261-891-1,suggestie
V_839,Demeton,8065-48-3,,,620-378-6,620-378-6,suggestie
V_251,Sulfaat,14808-79-8,,,604-622-9,604-622-9,suggestie
V_157,Levetiracetam,102767-28-2,,,600-348-9,600-348-9,suggestie
V_643,Fluor,7782-41-4,,231-954-8,231-954-8,231-954-8,suggestie
V_385,Hexachloorbenzeen,118-74-1,204-273-9,204-273-9,204-273-9,204-273-9,bevestigd
V_583,Dibutyltindichloride,683-18-1,,211-670-0,211-670-0,211-670-0,suggestie
V_340,Kwik,7439-97-6,231-106-7,231-106-7,231-106-7,231-106-7,bevestigd
V_550,Broomtrichloorethaan,127099-33-6,,,,,onbekend
V_1238,Ciprofloxacine,85721-33-1,617-751-0,,617-751-0,617-751-0,bevestigd
V_171,Fenmedifam,13684-63-4,,237-199-0,237-199-0,237-199-0,suggestie
V_648,Parathion-methyl,298-00-0,,206-050-1,206-050-1,206-050-1,suggestie
V_2104,Boterzuur,107-92-6,,203-532-3,203-532-3,203-532-3,suggestie
V_166,Dithianon,3347-22-6,,222-098-6,222-098-6,222-098-6,suggestie
V_347,Strontium,7440-24-6,,231-133-4,231-133-4,231-133-4,suggestie
V_920,Methylisobutylketon,108-10-1,,203-550-1,203-550-1,203-550-1,suggestie
V_2054,2-Ethoxyethanol (Ethylglycol),110-80-5,,203-804-1,203-804-1,203-804-1,suggestie
V_195,alfa-Hexabroomcyclododecaan,134237-50-6,,,603-801-9,603-801-9,suggestie
V_1390,Fluconazol,86386-73-4,627-806-0,,627-806-0,627-806-0,bevestigd
V_1391,Ipconazool,125225-28-7,603-038-1,603-038-1,603-038-1,603-038-1,bevestigd
V_1680,Acetyleen,74-86-2,,200-816-9,200-816-9,200-816-9,suggestie
V_1542,Trimethyleenglycol,504-63-2,,207-997-3,207-997-3,207-997-3,suggestie
V_483,2-Fenylfenol,90-43-7,,201-993-5,201-993-5,201-993-5,suggestie
V_2350,Fenpropathrin,39515-41-8,,254-485-0,254-485-0,254-485-0,suggestie
V_1983,"Dibenzo(a,l)pyreen",191-30-0,,205-886-4,205-886-4,205-886-4,suggestie
V_1256,Norfloxacine,70458-96-7,274-614-4,,274-614-4,274-614-4,bevestigd
V_1714,Dimethylhexeen,26266-69-3,,,,,onbekend
V_39,"1,2,3,4,7,8-Hexachloordibenzo-para-dioxine",39227-28-6,,,694-767-4,694-767-4,suggestie
V_1056,Zwavelhexafluoride,2551-62-4,,219-854-2,219-854-2,219-854-2,suggestie
V_343,Molybdeen,7439-98-7,,231-107-2,231-107-2,231-107-2,suggestie
V_394,Mecoprop,7085-19-0,,202-264-4; 230-386-8,202-264-4; 230-386-8,202-264-4; 230-386-8,suggestie
V_925,Caprolactam,105-60-2,,203-313-2,203-313-2; 919-537-5,203-313-2; 919-537-5,suggestie
V_790,Dibutyltin,1002-53-5,,,621-338-0,621-338-0,suggestie
V_118,Benzo(a)pyreen,50-32-8,200-028-5,200-028-5,200-028-5,200-028-5,bevestigd
V_2126,Calciumcarbonaat,471-34-1,,207-439-9,207-439-9; 615-782-4,207-439-9; 615-782-4,suggestie
V_1685,Koolstofmonoxide,630-08-0,,211-128-3,211-128-3,211-128-3,suggestie
V_2040,Triclosan,3380-34-5,,222-182-2,222-182-2,222-182-2,suggestie
V_2339,amosiet,12172-73-5,,,601-801-3,601-801-3,suggestie
V_869,"2,2',4,4',5,5'-Hexabroomdifenylether (BDE153)",68631-49-2,,,,,onbekend
V_100,Metronidazol,443-48-1,,,207-136-1,207-136-1,suggestie
V_1580,1-Butyn,107-00-6,,,,,onbekend
V_828,Distearyldimethylammoniumchloride,107-64-2,,203-508-2,203-508-2,203-508-2,suggestie
V_1279,Cefobid,62893-19-0,263-749-4,,263-749-4,263-749-4,bevestigd
V_986,Ethyl-tert-butylether,637-92-3,,211-309-7,211-309-7,211-309-7,suggestie
V_1545,Triethyleenglycol,112-27-6,,203-953-2,203-953-2,203-953-2,suggestie
V_578,Omethoaat,1113-02-6,,214-197-8,214-197-8,214-197-8,suggestie
V_345,Seleen,7782-49-2,,231-957-4,231-957-4,231-957-4,suggestie
V_494,Demeton-O-methyl,867-27-6,,212-758-1,212-758-1,212-758-1,suggestie
V_224,Tertiair DoDecyl Mercaptaan,25103-58-6,,246-619-1,,,kandidaten_niet_bevestigd
V_286,Di-isopropylftalaat,605-45-8,,,,,onbekend
V_642,Difenyl,92-52-4,,202-163-5,202-163-5,202-163-5,suggestie
V_236,Trichloorbenzenen,12002-48-1,234-413-4,,201-757-1,201-757-1,afwijkend
V_673,3-Methylfenol,108-39-4,,203-577-9,203-577-9,203-577-9,suggestie
V_1826,Nonanaldehyde,124-19-6,,,204-688-5,204-688-5,suggestie
V_871,"2,2',3,4,4',5',6-Heptabroomdifenylether (BDE183)",207122-16-5,,,,,onbekend
V_1264,Enoxacine,74011-58-8,,,961-175-5,961-175-5,suggestie
V_257,Silicaat,14808-60-7,,,231-545-4; 601-214-2; 643-045-7; 685-393-2; 807-338-5; 921-597-2,231-545-4; 601-214-2; 643-045-7; 685-393-2; 807-338-5; 921-597-2,suggestie
V_404,Triethylfosfaat,78-40-0,,201-114-5,201-114-5,201-114-5,suggestie
V_737,n-Nonaan,111-84-2,,,203-913-4,203-913-4,suggestie
V_1499,Cyclohexanon,108-94-1,,203-631-1,203-631-1,203-631-1,suggestie
V_80,"2,3,3',4,4',5-Hexachloorbifenyl (PCB156)",38380-08-4,,,620-601-7,620-601-7,suggestie
V_689,Methanol,67-56-1,,200-659-6,200-659-6,200-659-6,suggestie
V_1544,Diethyleenglycol,111-46-6,,203-872-2,203-872-2,203-872-2,suggestie
V_1212,"1,3,5-triazine-2,4,6-triamine",108-78-1,,203-615-4,203-615-4,203-615-4,suggestie
V_835,Trichloorethaan,71-55-6,,200-756-3,200-756-3,200-756-3,suggestie
V_696,Aminocarb,2032-59-9,,217-990-7,217-990-7,217-990-7,suggestie
V_337,Ijzer,7439-89-6,,,231-096-4; 617-112-6; 628-861-3; 640-395-2; 917-706-8,231-096-4; 617-112-6; 628-861-3; 640-395-2; 917-706-8,suggestie
V_1406,Perfluorhexaansulfonamide (PFHxSA),41997-13-1,,,816-398-1,816-398-1,suggestie
V_2046,2-Pentanon,107-87-9,,203-528-1,203-528-1,203-528-1,suggestie
V_79,"2,3,4,4',5-Pentachloorbifenyl (PCB114)",74472-37-0,,,690-296-3,690-296-3,suggestie
V_2358,sucrose,57-50-1,,,200-334-9; 618-806-1,200-334-9; 618-806-1,suggestie
V_1488,2-Chloorbifenyl (PCB 1),2051-60-7,,,218-125-6,218-125-6,suggestie
V_554,Chloormethaan,74-87-3,,200-817-4,200-817-4,200-817-4,suggestie
V_1530,Abamectine B1a,65195-55-3,,265-610-3,265-610-3,265-610-3,suggestie
V_1354,Perfluorpentaansulfonzuur (PFPeS),2706-91-4,220-301-2,,220-301-2,220-301-2,bevestigd
V_724,Ioxynil,1689-83-4,,216-881-1,216-881-1,216-881-1,suggestie
V_198,Azithromycine,83905-01-5,,,,,onbekend
V_468,Benzo(e)pyreen,192-97-2,,205-892-7,205-892-7,205-892-7,suggestie
V_143,Gabapentine,60142-96-3,,,262-076-3,262-076-3,suggestie
V_1088,Bis(Tribroomfenoxy)-ethaan,37853-59-1,,253-692-3,253-692-3,253-692-3,suggestie
V_784,"2,4-Dichloorfenoxybutaanzuur",94-82-6,,202-366-9,202-366-9,202-366-9,suggestie
V_740,Propeen,115-07-1,,204-062-1,204-062-1,204-062-1,suggestie
V_183,n-Butylmetacrylaat,97-88-1,,202-615-1,202-615-1,202-615-1,suggestie
V_401,pp'Dichloordifenyldichloorethaan,72-54-8,200-783-0,,200-783-0,200-783-0,bevestigd
V_278,3-Chlooraniline,108-42-9,,,203-581-0,203-581-0,suggestie
V_2047,"2,4-Dinitrotolueen",121-14-2,,204-450-0,204-450-0,204-450-0,suggestie
V_768,Alachloor,15972-60-8,240-110-8,240-110-8,240-110-8,240-110-8,bevestigd
V_1073,Flubendazol,31430-15-6,,,250-624-4,250-624-4,suggestie
V_570,Azinfos-methyl,86-50-0,,201-676-1,201-676-1,201-676-1,suggestie
V_322,"Calcium, tweewaardig",14127-61-8,,,,,onbekend
V_411,Desethylatrazine,6190-65-4,,,,,onbekend
V_548,Broomdichloormethaan,75-27-4,,,200-856-7,200-856-7,suggestie
V_476,Demeton-S-methyl,919-86-8,,213-052-6,,,kandidaten_niet_bevestigd
V_1493,"2,2',4,6-Tetrachloorbifenyl (PCB 50)",62796-65-0,,,690-283-2,690-283-2,suggestie
V_1389,Clotrimazol,23593-75-1,245-764-8,,245-764-8,245-764-8,bevestigd
V_1814,Stikstofmonoxide,10102-43-9,,,233-271-0,233-271-0,suggestie
V_212,"Diclofenac, natrium",15307-79-6,,,239-346-4,239-346-4,suggestie
V_324,"Magnesium, tweewaardig",22537-22-0,,,,,onbekend
V_587,para-Isopropyltolueen,99-87-6,,202-796-7,202-796-7,202-796-7,suggestie
V_164,Chlorothalonil,1897-45-6,,217-588-1,217-588-1,217-588-1,suggestie
V_163,Thiram,137-26-8,,205-286-2,205-286-2,205-286-2,suggestie
V_2354,nodularin,118399-22-7,,,,,onbekend
V_1251,Oxytetracycline,79-57-2,218-161-2,,103-115-5,103-115-5,afwijkend
V_796,Trifenyltin,668-34-8,33-61-4,,694-821-7,694-821-7,afwijkend
V_718,Chloorfenvinfos,470-90-6,207-432-0,207-432-0,207-432-0,207-432-0,bevestigd
V_1352,Perfluorhexadecaanzuur (PFHxDA),67905-19-5,267-638-1,,267-638-1,267-638-1,bevestigd
V_898,Oestron,53-16-7,,,200-164-5,200-164-5,suggestie
V_741,1-Buteen,106-98-9,,203-449-2,203-449-2,203-449-2,suggestie
V_495,Formaldehyde,12795-06-1,,,200-001-8,200-001-8,suggestie
V_817,Dimethyldioxaan,25136-55-4,,,246-646-9,246-646-9,suggestie
V_1489,"2,6-Dichloordifenyl (PCB 10)",33146-45-1,,,690-138-3,690-138-3,suggestie
V_443,alfa-alfa-Dichloortolueen,98-87-3,,202-709-2,202-709-2,202-709-2,suggestie
V_471,Carbaryl,63-25-2,,200-555-0,200-555-0,200-555-0,suggestie
V_691,Fenol,108-95-2,,203-632-7,203-632-7,203-632-7,suggestie
V_900,Monuron,150-68-5,,205-766-1,205-766-1,205-766-1,suggestie
V_1462,Guanylureum,141-83-3,,,205-504-6,205-504-6,suggestie
V_782,Aminomethylfosfonzuur,1066-51-9,,,623-325-5,623-325-5,suggestie
V_1078,Propiconazol,60207-90-1,,262-104-4,262-104-4,262-104-4,suggestie
V_1485,Hydrazine,302-01-2,,206-114-9,206-114-9,206-114-9,suggestie
V_384,trans-Heptachloorepoxyde,28044-83-9,,,,,onbekend
V_1483,Broomchloorethaan,107-04-0,,,203-456-0,203-456-0,suggestie
V_1520,2-Ethylhexylsalicylaat,118-60-5,,204-263-4,204-263-4,204-263-4,suggestie
V_37,Octachloordibenzofuraan,39001-02-0,,,694-806-5,694-806-5,suggestie
V_492,4-tert-Pentylfenol,80-46-6,,201-280-9,201-280-9,201-280-9,suggestie
V_244,Bicarbonaat,71-52-3,,,,,onbekend
V_981,Perfluordodecaanzuur (PFDoDA),307-55-1,,206-203-2,206-203-2,206-203-2,suggestie
V_1919,Zwaveldioxide,7446-09-5,,231-195-2,231-195-2,231-195-2,suggestie
V_944,Methylbenzothiazole,120-75-2,,,204-423-3,204-423-3,suggestie
V_620,Thiocyanaat,302-04-5,,,,,onbekend
V_31,"1,2,3,4,7,8-Hexachloordibenzofuraan",70648-26-9,,,694-812-8,694-812-8,suggestie
V_481,"4-Chloor-3,5-dimethylfenol",88-04-0,,201-793-8,201-793-8; 215-316-6,201-793-8; 215-316-6,suggestie
V_346,Silicium,7440-21-3,3163-01-7,231-130-8,231-130-8; 692-536-2,231-130-8; 692-536-2,afwijkend
V_62,Dibroomacetonitrile,3252-43-5,,,221-843-2,221-843-2,suggestie
V_1988,Isobuteen,115-11-7,,204-066-3,204-066-3,204-066-3,suggestie
V_1273,Sulfaclozine,102-65-8,203-044-0,,203-044-0,203-044-0,bevestigd
V_816,Caffeïne,58-08-2,,200-362-1,200-362-1; 619-173-4,200-362-1; 619-173-4,suggestie
V_2300,tribroomazijnzuur,75-96-7,,,200-919-9,200-919-9,suggestie
V_2035,Tetraline,119-64-2,,204-340-2,204-340-2,204-340-2,suggestie
V_414,Isoproturon,34123-59-6,251-835-4,251-835-4,251-835-4,251-835-4,bevestigd
V_1403,Perfluorbutaansulfonamide (PFBSA),30334-69-1,,,816-392-9,816-392-9,suggestie
V_22,Bromacil,314-40-9,,,206-245-1,206-245-1,suggestie
V_1582,1-Nitropyreen,5522-43-0,,,226-868-2,226-868-2,suggestie
V_1451,2-(perfluorhexyl)ethylalcohol,647-42-7,,211-477-1,211-477-1,211-477-1,suggestie
V_2355,"o,p' Dicofol",10606-46-9,,,,,onbekend
V_503,"1,2-Dichloorbenzeen",95-50-1,,202-425-9,202-425-9,202-425-9,suggestie
V_58,Dodecaan,112-40-3,,203-967-9,203-967-9,203-967-9,suggestie
V_2067,Acetonitril,75-05-8,,200-835-2,200-835-2,200-835-2,suggestie
V_1081,Itraconazol,84625-61-6,,,617-596-9,617-596-9,suggestie
V_734,n-Heptaan,142-82-5,,205-563-8,205-563-8,205-563-8,suggestie
V_2153,Dimethylformamide,68-12-2,,200-679-5,200-679-5,200-679-5,suggestie
V_1509,Methyldiethanolamine,105-59-9,,203-312-7,203-312-7,203-312-7,suggestie
V_227,Zink ovv. Zinkstearaat,557-05-1,,,209-151-9,209-151-9,suggestie
V_2116,Capronzuur,142-62-1,,205-550-7,205-550-7,205-550-7,suggestie
V_254,Sulfiet,14265-45-3,,,,,onbekend
V_608,Trifenyltinhydroxide,76-87-9,200-990-6,200-990-6,200-990-6,200-990-6,bevestigd
V_931,Tris(dibroompropyl)isocyanuraat,52434-90-9,,257-913-4,257-913-4,257-913-4,suggestie
V_1533,"1,2,4-Triazool",288-88-0,,206-022-9,206-022-9,206-022-9,suggestie
V_2310,Triethanolamine,102-71-6,,203-049-8,203-049-8,203-049-8,suggestie
V_1502,Boscalid,188425-85-6,,,,,onbekend
V_445,2-Chloor-4-nitrotolueen,121-86-8,,,204-501-7,204-501-7,suggestie
V_1086,Pentabroomdifenylether,32534-81-9,,251-084-2,,,kandidaten_niet_bevestigd
V_850,Trifenylfosfaat,115-86-6,,204-112-2,204-112-2,204-112-2,suggestie
V_435,"1,1-Dichloorethaan",75-34-3,,200-863-5,200-863-5,200-863-5,suggestie
V_716,Chloorpyrifos-ethyl,2921-88-2,220-864-4,220-864-4,220-864-4,220-864-4,bevestigd
V_523,"2,3,5-Trichloorfenol",933-78-8,,,213-272-2,213-272-2,suggestie
V_387,alfa-Hexachloorcyclohexaan,319-84-6,,,,,onbekend
V_801,Propazine,139-40-2,,205-359-9,205-359-9,205-359-9,suggestie
V_436,"1,1-Dichlooretheen",75-35-4,,200-864-0,200-864-0,200-864-0,suggestie
V_540,3-Chloorpropeen,107-05-1,,203-457-6,203-457-6,203-457-6,suggestie
V_688,Fosfide,22569-71-7,,,,,onbekend
V_1461,Methformine,657-24-9,,,211-517-8,211-517-8,suggestie
V_885,Chloordecon,143-50-0,,205-601-3,205-601-3,205-601-3,suggestie
V_108,"2,3',4,4',5-Pentachloorbifenyl (PCB118)",31508-00-6,,,621-375-2,621-375-2,suggestie
V_613,"2,4',5-Trichloorbifenyl (PCB31)",16606-02-3,,,621-296-3,621-296-3,suggestie
V_948,Penconazole,66246-88-6,266-275-6,266-275-6,266-275-6,266-275-6,bevestigd
V_2201,Isoforon,78-59-1,,201-126-0,201-126-0,201-126-0,suggestie
V_534,2-Chloorfenol,95-57-8,,202-433-2,202-433-2,202-433-2,suggestie
V_2290,Quinoline,91-22-5,,202-051-6,202-051-6,202-051-6,suggestie
V_711,4-Ethylfenol,123-07-9,,204-598-6,204-598-6,204-598-6,suggestie
V_107,"2,2',4,5,5'-Pentachloorbifenyl (PCB101)",37680-73-2,,,621-393-0,621-393-0,suggestie
V_447,"2,3-Dichloornitrobenzeen",3209-22-1,,,221-717-7,221-717-7,suggestie
V_272,"2,4-Dichlooraniline",554-00-7,,,209-057-8,209-057-8,suggestie
V_669,Indium,7440-74-6,,,231-180-0,231-180-0,suggestie
V_2340,amisulpride,71675-85-9,,,275-831-7,275-831-7,suggestie
V_1030,Didodecyldimethylammonium,3282-73-3,,,221-923-7,221-923-7,suggestie
V_1429,"2,3',4',6-Tetrabroomdifenylether (BDE71)",189084-62-6,,,620-888-9,620-888-9,suggestie
V_526,"2,3-Dichloorfenol",576-24-9,,,209-399-8,209-399-8,suggestie
V_92,Diazepam,439-14-5,,,207-122-5,207-122-5,suggestie
V_480,2-Chloor-4-tert-butylfenol,98-28-2,,,202-652-3,202-652-3,suggestie
V_372,Propanil,709-98-8,,211-914-6,211-914-6,211-914-6,suggestie
V_1281,Desfuroylceftiofur cysteïne disulfide,158039-15-7,,,,,onbekend
V_827,Di(hydrogenated tallow)dimethylammoniumchloride,61789-80-8,,,,,onbekend
V_1479,Cyclohexanol,108-93-0,,203-630-6,203-630-6,203-630-6,suggestie
V_670,Wolfraam,7440-33-7,,231-143-9,231-143-9,231-143-9,suggestie
V_1015,Polyethyleenglycol,25322-68-3,,500-038-2,,,kandidaten_niet_bevestigd
V_1079,Ketoconazol,65277-42-1,,265-667-4,265-667-4,265-667-4,suggestie
V_29,"1,2,3,7,8-Pentachloordibenzofuraan",57117-41-6,,,694-762-7,694-762-7,suggestie
V_969,Decylfenol,27157-66-0,,,,,onbekend
V_731,Methylcyclopentaan,96-37-7,,202-503-2,202-503-2,202-503-2,suggestie
V_897,Oestriol,50-27-1,,,200-022-2,200-022-2,suggestie
V_131,"2,4,6-Trichlooraniline",634-93-5,,,211-219-8,211-219-8,suggestie
V_723,Dicamba,1918-00-9,,217-635-6,217-635-6,217-635-6,suggestie
V_779,"2-sec-Butyl-4,6-dinitrofenol",88-85-7,,201-861-7,201-861-7,201-861-7,suggestie
V_348,Thallium,7440-28-0,,231-138-1,231-138-1,231-138-1,suggestie
V_144,Clozapine,5786-21-0,,,227-313-7,227-313-7,suggestie
V_160,Tramadol,27203-92-5,,,248-319-6,248-319-6,suggestie
V_199,Butylhydroxytolueen,128-37-0,,204-881-4,204-881-4,204-881-4,suggestie
V_957,Terbucarb,1918-11-2,,,,,onbekend
V_840,Bisfenol-A,80-05-7,,201-245-8,201-245-8,201-245-8,suggestie
V_194,Cybutrine,28159-98-0,248-872-3,,248-872-3,248-872-3,bevestigd
V_2082,Amisulpride,71675-85-9,,,275-831-7,275-831-7,suggestie
V_571,Demeton-O,298-03-3,,206-053-8,206-053-8,206-053-8,suggestie
V_593,tert-Butylbenzeen,98-06-6,,202-632-4,202-632-4,202-632-4,suggestie
V_1527,Triticonazool,131983-72-7,,603-543-7,,,kandidaten_niet_bevestigd
V_1447,Diallaat,2303-16-4,,218-961-1,218-961-1,218-961-1,suggestie
V_921,Fenoprop,93-72-1,,202-271-2,202-271-2,202-271-2,suggestie
V_2062,4-Chloor-3-methylaniline,7149-75-9,,,615-298-3,615-298-3,suggestie
V_243,Metolachloor,51218-45-2,,,257-060-8,257-060-8,suggestie
V_577,Methamidofos,10265-92-6,,233-606-0,233-606-0,233-606-0,suggestie
V_823,Isothiazoline,55965-84-9,,611-341-5,,,kandidaten_niet_bevestigd
V_309,Zuurstof,7782-44-7,3132-01-2,231-956-9,231-956-9,231-956-9,afwijkend
V_358,Ethylbenzeen,100-41-4,,202-849-4,202-849-4,202-849-4,suggestie
V_412,Desisopropylatrazine,1007-28-9,206-354-4,,,,onbekend
V_916,Decabroomdifenylethaan,84852-53-9,,284-366-9,284-366-9,284-366-9,suggestie
V_93,Diclofenac,15307-86-5,,,239-348-5,239-348-5,suggestie
V_680,"2,3-Dimethylfenol",526-75-0,,208-395-3,208-395-3,208-395-3,suggestie
V_1358,4:2 fluortelomeersulfonzuur (4:2 FTS),757124-72-4,,,,,onbekend
V_792,Dicyclohexyltin,7529-52-4,,,,,onbekend
V_2346,Mevinfos-E,298-01-1,,,,,onbekend
V_1327,"Chroom, driewaardig",16065-83-1,,,,,onbekend
V_377,alfa-Endosulfan,959-98-8,,,625-034-9,625-034-9,suggestie
V_2118,Chrysotiel,12001-29-5,,,,,onbekend
V_74,Zirkonium,7440-67-7,,231-176-9,231-176-9,231-176-9,suggestie
V_1269,Pirlimycine,79548-73-5,,,,,onbekend
V_653,Chlorendisch zuur,21678-54-6,,,,,onbekend
V_551,Chloorazijnzuur,79-11-8,,201-178-4,201-178-4,201-178-4,suggestie
V_1355,Perfluorheptaansulfonzuur (PFHpS),375-92-8,206-800-8,,206-800-8,206-800-8,bevestigd
V_1392,Imazalil,35554-44-0,252-615-0,252-615-0,252-615-0,252-615-0,bevestigd
V_1625,9-Nitroanthraceen,602-60-8,,,210-021-9,210-021-9,suggestie
V_142,Dipyramidol,58-32-2,,,200-374-7,200-374-7,suggestie
V_190,"2,6-Dichloor-4-nitroaniline",99-30-9,,,202-746-4,202-746-4,suggestie
V_381,Endrin aldehyde,7421-93-4,,,,,onbekend
V_136,Sotalol,3930-20-9,,,,,onbekend
V_24,Dimethomorf,110488-70-5,,404-200-2,404-200-2,404-200-2,suggestie
V_210,"Propanolol, waterstofchloride",318-98-9,,,,,onbekend
V_671,"3,4-Dimethylfenol",95-65-8,,202-439-5,202-439-5,202-439-5,suggestie
V_1237,Metaflumizone,139968-49-3,604-167-6,604-167-6,604-167-6,604-167-6,bevestigd
V_811,Butylbenzylftalaat,85-68-7,,201-622-7,201-622-7,201-622-7,suggestie
V_365,Isopropylbenzeen,98-82-8,,202-704-5,202-704-5,202-704-5,suggestie
V_879,"Alkanen, gechloreerde",85535-84-8,287-476-5,287-476-5,,,kandidaten_niet_bevestigd
V_2063,4-tert-Butyltolueen,98-51-1,,,202-675-9,202-675-9,suggestie
V_805,Prometryn,7287-19-6,,,230-711-3,230-711-3,suggestie
V_398,op'Dichloordifenyltrichloorethaan,789-02-6,212-332-5,,212-332-5,212-332-5,bevestigd
V_848,trans-Chloorfenvinfos,18708-86-6,,,,,onbekend
V_220,S-Metolachloor ESA,171118-09-5,,,,,onbekend
V_373,Aldrin,309-00-2,,206-215-8,206-215-8,206-215-8,suggestie
V_178,Methylmethacrylaat,80-62-6,,201-297-1,201-297-1,201-297-1,suggestie
V_2311,"Terfenyl, gehydrogeneerd",61788-32-7,,262-967-7,,,kandidaten_niet_bevestigd
V_59,Tridecaan,629-50-5,,211-093-4,211-093-4,211-093-4,suggestie
V_490,4-n-Octylfenol,1806-26-4,217-302-5,,217-302-5,217-302-5,bevestigd
V_1246,Florfenicol,73231-34-2,,,,,onbekend
V_288,Dinonylftalaat,84-76-4,,,201-560-0,201-560-0,suggestie
V_479,2-Chloor-5-methylfenol,615-74-7,,,210-444-9,210-444-9,suggestie
V_1652,Benzo(c)fenantreen,195-19-7,,,205-896-9,205-896-9,suggestie
V_273,"2,5-Dichlooraniline",95-82-9,,,,,onbekend
V_945,Muscalure,27519-02-4,,248-505-7,248-505-7,248-505-7,suggestie
V_2084,Amylacetaat,628-63-7,,211-047-3,211-047-3,211-047-3,suggestie
V_177,Valsartan,137862-53-4,,,,,onbekend
V_285,Di-isobutylftalaat,84-69-5,,201-553-2,201-553-2,201-553-2,suggestie
V_937,Diflufenican,83164-33-4,,617-446-2,953-443-5,953-443-5,suggestie
V_1077,Domperidon,57808-66-9,,,260-968-7,260-968-7,suggestie
V_28,"2,3,7,8-Tetrachloordibenzofuraan",51207-31-9,,,694-829-0; 809-722-8,694-829-0; 809-722-8,suggestie
V_1312,Scandium,7440-20-2,,,231-129-2,231-129-2,suggestie
V_751,alfa-Chloortolueen,100-44-7,,202-853-6,202-853-6; 905-236-6,202-853-6; 905-236-6,suggestie
V_1290,Valnemuline,101312-92-9,,,,,onbekend
V_1242,Flumequine,42835-25-6,255-962-6,,255-962-6,255-962-6,bevestigd
V_557,Dichloormethaan,75-09-2,75-09-2,200-838-9,200-838-9,200-838-9,afwijkend
V_174,Mancozeb,8018-01-7,,616-995-5,,,kandidaten_niet_bevestigd
V_1428,"2,2’,4,5’-Tetrabroomdifenylether (BDE49)",243982-82-3,,,,,onbekend
V_149,Tetrabroomdifenylether,40088-47-9,,254-787-2,,,kandidaten_niet_bevestigd
V_1287,Penicilline V,87-08-1,201-722-0,,201-722-0,201-722-0,bevestigd
V_1540,Dipropyleenglycol,25265-71-8,,,246-770-3,246-770-3,suggestie
V_379,Endosulfansulfaat,1031-07-8,,,623-765-8,623-765-8,suggestie
V_1523,Bromuconazool,116255-48-2,,408-060-3,408-060-3,408-060-3,suggestie
V_777,Hexachloorethaan,67-72-1,,200-666-4,200-666-4,200-666-4,suggestie
V_145,Irbesartan,138402-11-6,,,604-078-2,604-078-2,suggestie
V_2283,Propionzuur,79-09-4,,201-176-3,201-176-3,201-176-3,suggestie
V_193,Acetamiprid,135410-20-7,,603-921-1,,,kandidaten_niet_bevestigd
V_962,Perfluoroctaansulfonzuur (PFOS),1763-23-1,217-179-8,217-179-8,217-179-8,217-179-8,bevestigd
V_450,"3,4-Dichloornitrobenzeen",99-54-7,,,202-764-2,202-764-2,suggestie
V_1202,Tert-butylalcohol,75-65-0,,200-889-7,200-889-7,200-889-7,suggestie
V_1387,Dimoxystrobine,149961-52-4,604-712-8,604-712-8,604-712-8,604-712-8,bevestigd
V_1751,Waterstofsulfide,7783-06-4,,231-977-3,231-977-3,231-977-3,suggestie
V_1284,Oxolinezuur,14698-29-4,238-750-8,,238-750-8,238-750-8,bevestigd
V_181,Ethylmetacrylaat,97-63-2,,202-597-5,202-597-5,202-597-5,suggestie
V_609,Trifluralin,1582-09-8,216-428-8,216-428-8,216-428-8,216-428-8,bevestigd
V_1259,Sarafloxacine,98105-99-8,,,,,onbekend
V_1704,Crotonaldehyde,4170-30-3,,224-030-0,224-030-0,224-030-0,suggestie
V_591,n-Butylbenzeen,104-51-8,,,203-209-7,203-209-7,suggestie
V_2144,1.2-Diethoxyethaan (Diethylglycol),629-14-1,,211-076-1,211-076-1,211-076-1,suggestie
V_597,Vinylchloride,75-01-4,,200-831-0,200-831-0,200-831-0,suggestie
V_380,Endrin,72-20-8,,200-775-7,200-775-7,200-775-7,suggestie
V_2306,trichloorazijnzuur,76-03-9,,200-927-2,200-927-2,200-927-2,suggestie
V_865,"2,3',4,4'-Tetrabroomdifenylether (BDE66)",189084-61-5,,,621-543-5,621-543-5,suggestie
V_573,Disulfoton,298-04-4,,206-054-3,206-054-3,206-054-3,suggestie
V_732,n-Hexaan,110-54-3,,203-777-6,203-777-6,203-777-6,suggestie
V_169,Difenoconazole,119446-68-3,,601-613-1,,,kandidaten_niet_bevestigd
V_1257,Tilmicosine,108050-54-0,,,639-676-2,639-676-2,suggestie
V_1382,6:2 fluortelomeerfosfaat diester (6:2 diPAP),57677-95-9,,,975-653-6,975-653-6,suggestie
V_574,Fenitrothion,122-14-5,,204-524-2,204-524-2,204-524-2,suggestie
V_1345,"Amides, coco, N-(hydroxyethyl)",68140-00-1,,,,,onbekend
V_576,Malathion,121-75-5,,204-497-7,204-497-7,204-497-7,suggestie
V_1328,Oxychlordaan,27304-13-8,,,690-387-8,690-387-8,suggestie
V_400,Pentachloornitrobenzeen,82-68-8,,201-435-0,201-435-0,201-435-0,suggestie
V_192,Thiacloprid,111988-49-9,,601-147-9,,,kandidaten_niet_bevestigd
V_600,Broomchloormethaan,74-97-5,,,200-826-3,200-826-3,suggestie
V_96,Iopamidol,60166-93-0,,,,,onbekend
V_1371,Clopyralid,1702-17-6,,216-935-4,216-935-4,216-935-4,suggestie
V_1004,"1,1-Dichloorpropaan",78-99-9,,,201-165-3,201-165-3,suggestie
V_219,S-Metolachloor,87392-12-9,,618-004-1,948-053-7,948-053-7,suggestie
V_982,Perfluortetradecaanzuur (PFTeDA),376-06-7,,206-803-4,206-803-4,206-803-4,suggestie
V_260,Cyaniden,57-12-5,,,,,onbekend
V_968,Octylfenol,67554-50-1,,,266-717-8,266-717-8,suggestie
V_1330,cis-Nonachloor,5103-73-1,,,,,onbekend
V_364,para-Xyleen,106-42-3,,203-396-5,203-396-5,203-396-5,suggestie
V_1375,Monomethyl Arseenzuur,124-58-3,,,204-705-6,204-705-6,suggestie
V_2166,Ethylhexanol,104-76-7,,203-234-3,203-234-3,203-234-3,suggestie
V_644,Fenthion,55-38-9,,200-231-9,200-231-9,200-231-9,suggestie
V_516,1-Chloor-3-nitrobenzeen,121-73-3,,,204-496-1,204-496-1,suggestie
V_406,"2,3,4,5-Tetrachloornitrobenzeen",879-39-0,,,212-906-5,212-906-5,suggestie
V_837,"1,3-Dichloorpropeen (cis+trans)",542-75-6,,208-826-5,208-826-5,208-826-5,suggestie
V_814,Natriumfosfaat,7601-54-9,,231-509-8,231-509-8,231-509-8,suggestie
V_511,"cis-1,3-Dichloorpropeen",10061-01-5,,233-195-8,,,kandidaten_niet_bevestigd
V_1407,"4,8-dioxa-3H-perfluornonaanzuur (DONA)",919005-14-4,,,,,onbekend
V_214,Bromaat,15541-45-4,,,,,onbekend
V_2136,Dichloorfluormethaan,75-43-4,,,200-869-8,200-869-8,suggestie
V_237,Xylenen (o+m+p),1330-20-7,,215-535-7,,,kandidaten_niet_bevestigd
V_1602,2-Nitrofluorantheen,13177-29-2,,,,,onbekend
V_75,Anthantreen,191-26-4,,,205-884-3,205-884-3,suggestie
V_2068,Acrylzuur,79-10-7,,201-177-9,201-177-9; 629-850-6,201-177-9; 629-850-6,suggestie
V_728,Isobutaan,75-28-5,,200-857-2,200-857-2,200-857-2,suggestie
V_561,Tribroommethaan,75-25-2,,200-854-6,200-854-6,200-854-6,suggestie
V_585,Ethylacetaat,141-78-6,,205-500-4,205-500-4,205-500-4,suggestie
V_649,Thiabendazole,148-79-8,,205-725-8,205-725-8,205-725-8,suggestie
V_1796,Methylcyclohexaan,108-87-2,,203-624-3,203-624-3,203-624-3,suggestie
V_941,Metalaxyl,57837-19-1,,260-979-7,,,kandidaten_niet_bevestigd
V_2323,Tolyfluanide,731-27-1,,211-986-9,211-986-9,211-986-9,suggestie
V_713,"2,3,5,6-Tetrachloornitrobenzeen",117-18-0,,204-178-2,204-178-2,204-178-2,suggestie
V_1023,Hexadecylpyridinium,140-72-7,,,205-428-3,205-428-3,suggestie
V_788,Monobutyltin,2406-65-7,,,,,onbekend
V_48,Stikstofdioxide,10102-44-0,233-272-6,233-272-6,233-272-6,233-272-6,bevestigd
V_19,"2,3,3',4,4'-Pentachloorbifenyl (PCB105)",32598-14-4,,,634-808-5,634-808-5,suggestie
V_953,Propyzamide,23950-58-5,,245-951-4,245-951-4,245-951-4,suggestie
V_1496,"2,2',4,6,6'-pentachloorbifenyl (PCB 104)",56558-16-8,,,690-248-1,690-248-1,suggestie
V_660,Booroxide,1303-86-2,,215-125-8,215-125-8; 259-231-2; 620-845-4,215-125-8; 259-231-2; 620-845-4,suggestie
V_2288,Propoxur,114-26-1,,204-043-8,204-043-8,204-043-8,suggestie
V_599,"2,2-Dichloorpropaan",594-20-7,,,209-832-0,209-832-0,suggestie
V_2131,Chinomethionaat,2439-01-2,,219-455-3,219-455-3,219-455-3,suggestie
V_1085,Perfluordecaansulfonzuur (PFDS),335-77-3,,,206-401-9,206-401-9,suggestie
V_330,Barium,7440-39-3,,,231-149-1,231-149-1,suggestie
V_564,Trichloorfluormethaan,75-69-4,,,200-892-3,200-892-3,suggestie
V_867,"2,2',4,4',5-Pentabroomdifenylether (BDE99)",60348-60-9,,,,,onbekend
V_484,2-Benzylfenol,28994-41-4,,,249-361-8,249-361-8,suggestie
V_245,Carbonaat,3812-32-6,,,,,onbekend
V_493,4-tert-Octylfenol,140-66-9,205-426-2,205-426-2,205-426-2,205-426-2,bevestigd
V_589,"1,2,3-Trimethylbenzeen",526-73-8,,,208-394-8,208-394-8,suggestie
V_555,Dibroomchloormethaan,124-48-1,,,204-704-0,204-704-0,suggestie
V_965,Perfluornonaanzuur (PFNA),375-95-1,,206-801-3,206-801-3,206-801-3,suggestie
V_437,"1,1,1,2-Tetrachloorethaan",630-20-6,,,211-135-1,211-135-1,suggestie
V_2012,ortho-Tolualdehyde,529-20-4,,,208-452-2,208-452-2,suggestie
V_38,"1,2,3,7,8-Pentachloordibenzo-para-dioxine",40321-76-4,,,694-814-9,694-814-9,suggestie
V_114,Acenafteen,83-32-9,,,201-469-6,201-469-6,suggestie
V_1764,Heptanaldehyde,111-71-7,,203-898-4,203-898-4,203-898-4,suggestie
V_698,Kaliumchloraat,3811-04-9,,223-289-7,223-289-7,223-289-7,suggestie
V_979,Perfluorpentaanzuur (PFPeA),2706-90-3,,,220-300-7,220-300-7,suggestie
V_170,Spiroxamine,118134-30-8,,601-505-4,601-505-4,601-505-4,suggestie
V_98,Ketoprofen,22071-15-4,,,244-759-8,244-759-8,suggestie
V_1247,Sulfapyridine,144-83-2,205-642-7,,205-642-7,205-642-7,bevestigd
V_1357,= PFOStotaal - PFOS,1763-23-1,,217-179-8,217-179-8,217-179-8,suggestie
V_747,1-Hepteen,592-76-7,,,246-871-2,246-871-2,suggestie
V_2253,Methoxypropanol,28677-93-2,,,215-306-1,215-306-1,suggestie
V_1319,Ytterbium,7440-64-4,,,231-173-2,231-173-2,suggestie
V_500,"1,2,3-Trichloorbenzeen",87-61-6,,201-757-1,201-757-1,201-757-1,suggestie
V_287,Dimethylftalaat,131-11-3,,205-011-6,205-011-6,205-011-6,suggestie
V_855,Nonylfenol,84852-15-3,284-325-5,284-325-5,,,kandidaten_niet_bevestigd
V_1275,Cloxacilline,61-72-3,200-514-7,,200-514-7,200-514-7,bevestigd
V_133,Clothianidine,210880-92-5,,433-460-1,433-460-1,433-460-1,suggestie
V_359,meta-Xyleen,108-38-3,,203-576-3,203-576-3,203-576-3,suggestie
V_773,Pentachloorbenzeen,608-93-5,210-172-0,210-172-0,210-172-0,210-172-0,bevestigd
V_356,4-Nitrofenol,100-02-7,,202-811-7,202-811-7,202-811-7,suggestie
V_9,Tetrachloorbenzenen,12408-10-5,,,,,onbekend
V_1260,Cefazoline,25953-19-9,247-362-8,,247-362-8,247-362-8,bevestigd
V_757,Fosfamidon,13171-21-6,,236-116-5,236-116-5,236-116-5,suggestie
V_812,Di-n-butylftalaat,84-74-2,,201-557-4,201-557-4,201-557-4,suggestie
V_415,Linuron,330-55-2,,206-356-5,206-356-5,206-356-5,suggestie
V_2313,Tetrahydrofuraan,109-99-9,,203-726-8,203-726-8,203-726-8,suggestie
V_1408,Perfluor-1-undecaansulfonzuur (PFUnS),749786-16-1,,,,,onbekend
V_2196,isopropylacetaat,108-21-4,,203-561-1,203-561-1,203-561-1,suggestie
V_2200,Iprodione,36734-19-7,,253-178-9,,,kandidaten_niet_bevestigd
V_127,"Indeno(1,2,3-cd)pyreen",193-39-5,205-893-2,,205-893-2,205-893-2,bevestigd
V_893,17-beta-Estradiol,50-28-2,,,200-023-8,200-023-8,suggestie
V_519,"2,3,4,5-Tetrachloorfenol",4901-51-3,,,225-531-7,225-531-7,suggestie
V_2,alfa+beta+gamma+delta Hexachloorcyclohexaan,608-73-1,210-168-9,,,,onbekend
V_1244,Sulfadiazine,68-35-9,200-685-8,,200-685-8,200-685-8,bevestigd
V_390,epsilon-Hexachloorcyclohexaan,6108-10-7,,,,,onbekend
V_2307,"Tolueendiisocyanaat (mengsel van 2,4- en 2,6-isomeren)",26471-62-5,,247-722-4,,,kandidaten_niet_bevestigd
V_1019,Dodecylisoquinolinium,93-23-2,,,,,onbekend
V_654,Aceton,67-64-1,,200-662-2,200-662-2,200-662-2,suggestie
V_2137,Dichlofluanide,1085-98-9,,214-118-7,214-118-7,214-118-7,suggestie
V_780,"2-tert-Butyl-4,6-dinitrofenol",1420-07-1,,215-813-8,215-813-8,215-813-8,suggestie
V_641,Dimethylamine,124-40-3,,204-697-4,204-697-4,204-697-4,suggestie
V_1765,Hexanaldehyde,66-25-1,,200-624-5,200-624-5,200-624-5,suggestie
V_1362,N-methylperfluoroctaansulfonamidoazijnzuur,2355-31-9,,,,,onbekend
V_847,cis-Chloorfenvinfos,18708-87-7,,,,,onbekend
V_407,Toxafeen,8001-35-2,,232-283-3,232-283-3,232-283-3,suggestie
V_2322,Tetradifon,116-29-0,,,204-134-2,204-134-2,suggestie
V_57,1-Octeen,111-66-0,,203-893-7,203-893-7,203-893-7,suggestie
V_1486,4-Chloorbifenyl (PCB 3),2051-62-9,,,218-127-7,218-127-7,suggestie
V_1701,Coroneen,191-07-1,,,205-881-7,205-881-7,suggestie
V_975,Palladium,7440-05-3,,,231-115-6,231-115-6,suggestie
V_976,"4-Chloor-2,5-dimethylaniline",20782-94-9,,,678-673-0,678-673-0,suggestie
V_2296,Simetryn,1014-70-6,,213-801-7,213-801-7,213-801-7,suggestie
V_409,Chloortoluron,15545-48-9,,239-592-2,239-592-2,239-592-2,suggestie
V_2328,Vinylacetaat,108-05-4,,203-545-4,203-545-4; 617-699-9,203-545-4; 617-699-9,suggestie
V_123,"Dibenzo(a,h)anthraceen",53-70-3,,200-181-8,200-181-8,200-181-8,suggestie
V_1672,Benzaldehyde,100-52-7,,202-860-4,202-860-4,202-860-4,suggestie
V_2051,2-Chloor-6-methyaniline,87-63-8,,,,,onbekend
V_334,Cerium,7440-45-1,,,231-154-9,231-154-9,suggestie
V_289,Dipentylftalaat,131-18-0,,205-017-9,205-017-9,205-017-9,suggestie
V_1940,Trifenyleen,217-59-4,,,205-922-9,205-922-9,suggestie
V_1590,"2,3-Dimethylbutaan",79-29-8,,201-193-6,201-193-6,201-193-6,suggestie
V_1243,Sulfamethazine,57-68-1,200-346-4,,200-346-4,200-346-4,bevestigd
V_595,cis-Chloordaan,5103-71-9,,,,,onbekend
V_806,2-Amino-4-chloorfenol,95-85-2,,,202-458-9,202-458-9,suggestie
V_841,Dinitrotolueen,25321-14-6,,246-836-1,,,kandidaten_niet_bevestigd
V_434,"1,1,2-Trichloorethaan",79-00-5,,201-166-9,201-166-9,201-166-9,suggestie
V_2036,Bifentrin,82657-04-3,,617-373-6,,,kandidaten_niet_bevestigd
V_618,Feofytine a,603-17-8,,,,,onbekend
V_1401,Fluopyram,658066-35-4,,619-797-7,619-797-7,619-797-7,suggestie
V_464,2-Chloornaftaleen,91-58-7,,,202-079-9,202-079-9,suggestie
V_1475,Perfluorethaansulfonzuur (PFES),354-88-1,,,,,onbekend
V_102,Propanolol,525-66-6,,,208-378-0,208-378-0,suggestie
V_413,Diuron,330-54-1,206-354-4,206-354-4,206-354-4,206-354-4,bevestigd
V_1491,"2,3,4-Trichloorbifenyl (PCB 21)",55702-46-0,,,,,onbekend
V_84,"2',3,4,4',5-Pentachloorbifenyl (PCB123)",65510-44-3,,,,,onbekend
V_1609,3-Methylheptaan,589-81-1,,209-660-6,,,kandidaten_niet_bevestigd
V_769,Propachloor,1918-16-7,,217-638-2,217-638-2,217-638-2,suggestie
V_370,"2,4,5-Trichloorfenoxyazijnzuur",93-76-5,,202-273-3,202-273-3,202-273-3,suggestie
V_2336,Zoutzuur,7647-01-0,,231-595-7,231-595-7; 933-977-5,231-595-7; 933-977-5,suggestie
V_864,"2,2',4,4'-Tetrabroomdifenylether (BDE47)",5436-43-1,,,,,onbekend
V_226,(3-chloro-2-hydroxypropyl)trimethylammoniumchlorid,3327-22-8,,222-048-3,222-048-3,222-048-3,suggestie
V_2299,tert-Butylacetaat,540-88-5,,208-760-7,208-760-7,208-760-7,suggestie
V_389,delta-Hexachloorcyclohexaan,319-86-8,,,,,onbekend
V_1249,Sulfamerazine,127-79-7,204-866-2,,204-866-2,204-866-2,bevestigd
V_2069,Actinoliet,13768-00-8,,,,,onbekend
V_46,Fosfor,7723-14-0,,231-768-7,231-768-7,231-768-7,suggestie
V_44,"3,3',4,4',5-Pentachloorbifenyl (PCB126)",57465-28-8,,,,,onbekend
V_1255,Sulfachloropyridazine,80-32-0,201-269-9,,201-269-9,201-269-9,bevestigd
V_767,Hexazinon,51235-04-2,,257-074-4,,,kandidaten_niet_bevestigd
V_1484,Chloormethylbenzeen,25168-05-2,,246-698-2,,,kandidaten_niet_bevestigd
V_2112,monobroomazijnzuur,79-08-3,,201-175-8,201-175-8,201-175-8,suggestie
V_852,Cyfluthrin,68359-37-5,,269-855-7,269-855-7,269-855-7,suggestie
V_938,Ethofumesaat,26225-79-6,,247-525-3,247-525-3,247-525-3,suggestie
V_515,1-Chloor-2-nitrobenzeen,88-73-3,,,201-854-9,201-854-9,suggestie
V_2284,Propylacetaat,109-60-4,,203-686-1,203-686-1,203-686-1,suggestie
V_277,"3,5-Dichlooraniline",626-43-7,,,210-948-9,210-948-9,suggestie
V_209,"Sotalol, waterstofchloride",959-24-0,,,213-496-0,213-496-0,suggestie
V_755,Tolclofos-methyl,57018-04-9,,260-515-3,260-515-3,260-515-3,suggestie
V_506,"1,2-Dichloorpropaan",78-87-5,,201-152-2,201-152-2,201-152-2,suggestie
V_677,Bromide,24959-67-9,,,,,onbekend
V_2360,tremoliet,77536-68-6,,,,,onbekend
V_710,3-Ethylfenol,620-17-7,,,210-627-3,210-627-3,suggestie
V_43,Octachloordibenzo-para-dioxine,3268-87-9,,,694-813-3,694-813-3,suggestie
V_809,Di-n-hexylftalaat,84-75-3,,201-559-5,201-559-5,201-559-5,suggestie
V_1377,Arsenocholine,39895-81-3,,,,,onbekend
V_111,"2,2',3,4,4',5,5'-Heptachloorbifenyl (PCB180)",35065-29-3,,,621-378-9,621-378-9,suggestie
V_2110,broomchloorazijnzuur,5589-96-8,,,627-754-9,627-754-9,suggestie
V_743,cis-2-Buteen,590-18-1,,209-673-7,209-673-7,209-673-7,suggestie
