prop,label,domain,range
http://purl.org/dc/terms/creator,,,
http://purl.org/dc/terms/references,,,
http://www.w3.org/2004/02/skos/core#broadMatch,,,
http://www.w3.org/2004/02/skos/core#broader,,,
http://www.w3.org/2004/02/skos/core#exactMatch,,,
http://www.w3.org/2004/02/skos/core#hasTopConcept,,,
http://www.w3.org/2004/02/skos/core#inScheme,,,
http://www.w3.org/2004/02/skos/core#member,,,
http://www.w3.org/2004/02/skos/core#narrower,,,
http://www.w3.org/2004/02/skos/core#topConceptOf,,,
https://data.omgeving.vlaanderen.be/ns/csor#heeftAfleiding,,,
https://data.omgeving.vlaanderen.be/ns/csor#heeftAspect,,,
https://data.omgeving.vlaanderen.be/ns/csor#heeftBronEenheid,,,
https://data.omgeving.vlaanderen.be/ns/csor#heeftBronParameter,,,
https://data.omgeving.vlaanderen.be/ns/csor#heeftBronParameterAspect,,,
https://data.omgeving.vlaanderen.be/ns/csor#heeftDoelEenheid,,,
https://data.omgeving.vlaanderen.be/ns/csor#heeftDoelParameter,,,
https://data.omgeving.vlaanderen.be/ns/csor#heeftDoelParameterAspect,,,
https://data.omgeving.vlaanderen.be/ns/csor#heeftDrager,,,
https://data.omgeving.vlaanderen.be/ns/csor#heeftKwantificeerbaarAspect,,,
https://data.omgeving.vlaanderen.be/ns/csor#heeftNatuurkundigeDimensie,,,
https://data.omgeving.vlaanderen.be/ns/csor#heeftNoemer,,,
https://data.omgeving.vlaanderen.be/ns/csor#heeftParameter,,,
https://data.omgeving.vlaanderen.be/ns/csor#heeftParameterAspect,,,
https://data.omgeving.vlaanderen.be/ns/csor#heeftResultaattype,,,
https://data.omgeving.vlaanderen.be/ns/csor#heeftSoortWaardebepaling,,,
https://data.omgeving.vlaanderen.be/ns/csor#heeftTeller,,,
https://data.omgeving.vlaanderen.be/ns/csor#heeftTerm,,,
https://data.omgeving.vlaanderen.be/ns/csor#heeftVariabele,,,
https://data.omgeving.vlaanderen.be/ns/csor#referentieEenheid,,,
https://data.omgeving.vlaanderen.be/ns/csor#toepasbareEenheid,,,
https://data.omgeving.vlaanderen.be/ns/csor#uitgedruktIn,,,
https://pubchem.ncbi.nlm.nih.gov/rest/rdf/compound,,,
