notatie,label,cas,csor_eea,echa_cas_voor_eea,echa_ec_kandidaten,echa_match,pubchem_ec_kandidaten,pubchem_match,resultaat
V_773,Pentachloorbenzeen,608-93-5,210-172-0,608-93-5,210-172-0,True,210-172-0,True,bevestigd
V_567,Dichloorvos,62-73-7,200-547-7,11095-17-3; 11096-21-2; 11111-31-2; 11111-44-7; 11126-72-0; 116788-91-1; 12772-40-6; 55819-32-4; 62-73-7; 62139-95-1; 62655-59-8; 8023-22-1; 8072-21-7; 8072-39-7; 8076-16-2; 95828-55-0,200-547-7,True,200-547-7,True,bevestigd
V_608,Trifenyltinhydroxide,76-87-9,200-990-6,76-87-9,200-990-6,True,200-990-6,True,bevestigd
V_1336,"2,3,3,3-tetrafluor-2(heptafluorpropoxy)propionzuur",13252-13-6,236-236-8,13252-13-6; 528603-31-8; 83551-64-8,,False,236-236-8,True,bevestigd
V_1265,Cefalexine,15686-71-2,239-773-6,14101-75-8; 15686-71-2; 17692-47-6; 23325-78-2; 65454-17-3; 82853-18-7,,False,239-773-6,True,bevestigd
V_1267,Cefalonium,5575-21-3,226-948-7,5575-21-3,,False,226-948-7,True,bevestigd
V_125,Fluorantheen,206-44-0,205-912-4,206-44-0,205-912-4,True,205-912-4,True,bevestigd
V_1365,8:2 fluortelomeerfosfaat diester (8:2 diPAP),678-41-1,211-649-6,678-41-1,,False,,False,bevestigd
V_206,Bifenox,42576-02-3,255-894-7,42576-02-3,255-894-7,True,642-906-4,False,bevestigd
V_1248,Sulfadoxine,2447-57-6,219-504-9,2447-57-6,,False,219-504-9,True,bevestigd
V_1389,Clotrimazol,23593-75-1,245-764-8,23593-75-1,,False,245-764-8,True,bevestigd
V_1242,Flumequine,42835-25-6,255-962-6,42835-25-6,,False,255-962-6,True,bevestigd
V_399,Pentachloorfenol,87-86-5,201-778-6,101802-54-4; 1135443-67-2; 39390-77-7; 85380-74-1; 87-86-5,201-778-6,True,201-778-6,True,bevestigd
V_398,op'Dichloordifenyltrichloorethaan,789-02-6,212-332-5,789-02-6,,False,212-332-5,True,bevestigd
V_344,Nikkel,7440-02-0,231-111-4,112084-17-0; 1250376-70-5; 1250376-73-8; 1262528-31-3; 134631-46-2; 1437722-77-4; 1437723-06-2; 1437723-36-8; 1628452-65-2; 17375-04-1; 195161-84-3; 2088200-08-0; 39303-46-3; 53527-81-4; 623574-57-2; 7440-02-0; 8049-31-8; 878162-96-0,231-111-4,True,231-111-4; 445-070-7; 935-135-2,True,bevestigd
V_118,Benzo(a)pyreen,50-32-8,200-028-5,50-32-8; 819804-28-9,200-028-5,True,200-028-5,True,bevestigd
V_128,Naftaleen,91-20-3,202-049-5,72931-45-4; 91-20-3,202-049-5,True,202-049-5,True,bevestigd
V_1388,Famoxadone,131807-57-3,603-520-1,131807-57-3,,False,603-520-1,True,bevestigd
V_1253,Doxycycline,564-25-0,607-368-7,24390-14-5,,False,,False,afwijkend
V_1394,Tetraconazool,112281-77-3,407-760-6,112281-77-3,407-760-6,True,407-760-6,True,bevestigd
V_119,Benzo(b)fluorantheen,205-99-2,205-911-9,205-99-2,205-911-9,True,205-911-9,True,bevestigd
V_1243,Sulfamethazine,57-68-1,200-346-4,57-68-1,,False,200-346-4,True,bevestigd
V_1363,N-ethylperfluoroctaansulfonamidoazijnzuur,2991-50-6,221-061-1,1336-61-4; 2991-50-6,,False,,False,bevestigd
V_386,Hexachloorbutadieen,87-68-3,201-765-5,87-68-3,201-765-5,True,201-765-5,True,bevestigd
V_1250,Sulfadimethoxine,122-11-2,204-523-7,122-11-2,,False,204-523-7,True,bevestigd
V_357,Benzeen,71-43-2,200-753-7,1053658-43-7; 1076-43-3; 1173023-23-8; 174973-66-1; 54682-86-9; 71-43-2,200-753-7,True,200-753-7,True,bevestigd
V_768,Alachloor,15972-60-8,240-110-8,15972-60-8,240-110-8,True,240-110-8,True,bevestigd
V_236,Trichloorbenzenen,12002-48-1,234-413-4,12002-48-1,,False,201-757-1,False,bevestigd
V_162,Prochloraz,67747-09-5,266-994-5,67747-09-5,266-994-5,True,266-994-5,True,bevestigd
V_1244,Sulfadiazine,68-35-9,200-685-8,141582-64-1; 68-35-9,,False,200-685-8,True,bevestigd
V_1287,Penicilline V,87-08-1,201-722-0,87-08-1,,False,201-722-0,True,bevestigd
V_1284,Oxolinezuur,14698-29-4,238-750-8,14698-29-4,,False,238-750-8,True,bevestigd
V_1364,N-methylperfluoroctaan-1-sulfonamide (MePFOSA),31506-32-8,250-665-8,122526-47-0; 31506-32-8,,False,,False,bevestigd
V_989,Cypermethrin,52315-07-8,257-842-9,137497-61-1; 139203-31-9; 142443-95-6; 146909-55-9; 159940-28-0; 186554-45-0; 52315-07-8; 67375-30-8; 69865-47-0; 86752-99-0; 86753-92-6; 88161-75-5; 97955-44-7,257-842-9,True,257-842-9; 619-306-6,True,bevestigd
V_948,Penconazole,66246-88-6,266-275-6,66246-88-6,266-275-6,True,266-275-6,True,bevestigd
V_1237,Metaflumizone,139968-49-3,604-167-6,139968-49-3,604-167-6,True,604-167-6,True,bevestigd
V_1249,Sulfamerazine,127-79-7,204-866-2,127-79-7; 99482-27-6,,False,204-866-2,True,bevestigd
V_414,Isoproturon,34123-59-6,251-835-4,34123-59-6,251-835-4,True,251-835-4,True,bevestigd
V_1271,Spiramycine I,8025-81-8,232-429-6,8025-81-8,,False,,False,bevestigd
V_1239,Amoxicilline,26787-78-0,248-003-8,1236363-38-4; 26787-78-0; 33911-69-2; 61336-70-7; 71447-36-4; 81030-75-3,,False,248-003-8,True,bevestigd
V_451,"3,5-Dichloornitrobenzeen",618-62-2,210-557-3,618-62-2,,False,210-557-3,True,bevestigd
V_1254,Benzylpenicilline,61-33-6,200-506-3,61-33-6,,False,200-506-3,True,bevestigd
V_401,pp'Dichloordifenyldichloorethaan,72-54-8,200-783-0,72-54-8,,False,200-783-0,True,bevestigd
V_565,Trichloormethaan,67-66-3,200-663-8,67-66-3; 8013-54-5,200-663-8,True,200-663-8,True,bevestigd
V_1392,Imazalil,35554-44-0,252-615-0,35554-44-0,252-615-0,True,252-615-0,True,bevestigd
V_609,Trifluralin,1582-09-8,216-428-8,1582-09-8; 39300-53-3; 52627-52-8; 61373-95-3; 75635-23-3,216-428-8,True,216-428-8,True,bevestigd
V_1245,Tylosine,1401-69-0,215-754-8,1401-69-0,,False,215-754-8,True,bevestigd
V_1,alfa+beta Endosulfan,115-29-7,204-079-4,115-29-7; 6994-04-3; 8003-45-0,204-079-4,True,204-079-4,True,bevestigd
V_810,bis-(2-ethylhexyl)-ftalaat,117-81-7,204-211-0,109630-52-6; 117-81-7; 126639-29-0; 137718-37-7; 205180-59-2; 275818-89-8; 40120-69-2; 50885-87-5; 607374-50-5; 8033-53-2,204-211-0,True,204-211-0; 617-060-4,True,bevestigd
V_802,Simazine,122-34-9,204-535-2,11141-20-1; 119603-94-0; 122-34-9; 12764-71-5; 39291-64-0,204-535-2,True,204-535-2,True,bevestigd
V_154,Dicofol,115-32-2,204-082-0,115-32-2,204-082-0,True,204-082-0,True,bevestigd
V_491,4-n-Nonylfenol,104-40-5,203-199-4,104-40-5; 29832-11-9,,False,203-199-4,True,bevestigd
V_48,Stikstofdioxide,10102-44-0,233-272-6,10102-44-0; 119990-11-3; 127999-62-6; 50443-93-1; 56003-83-9; 66252-28-6; 78246-05-6,233-272-6,True,233-272-6,True,bevestigd
V_1251,Oxytetracycline,79-57-2,218-161-2,2058-46-0,,False,103-115-5,False,afwijkend
V_26,Tebuconazole,107534-96-3,403-640-2,107534-96-3; 80443-41-0,403-640-2,True,403-640-2,True,bevestigd
V_1521,"N-1,3-Dimethylbutyl-N’-fenyl-p-fenylenediamine",793-24-8,212-344-0,793-24-8,212-344-0,True,212-344-0,True,bevestigd
V_340,Kwik,7439-97-6,231-106-7,123720-03-6; 149038-91-5; 51887-47-9; 7439-97-6; 7439-97-61; 7783-35-9; 8030-64-6; 8031-27-4; 92355-34-5; 92786-62-4,231-106-7,True,231-106-7,True,bevestigd
V_783,Terbutryn,886-50-0,212-950-5,886-50-0,212-950-5,True,212-950-5,True,bevestigd
V_1238,Ciprofloxacine,85721-33-1,617-751-0,85721-33-1,,False,617-751-0,True,bevestigd
V_504,"1,2-Dichloorethaan",107-06-2,203-458-1,107-06-2; 52399-93-6,203-458-1,True,203-458-1,True,bevestigd
V_490,4-n-Octylfenol,1806-26-4,217-302-5,1806-26-4,,False,217-302-5,True,bevestigd
V_207,Aclonifen,74070-46-5,277-704-1,74070-46-5,277-704-1,True,277-704-1,True,bevestigd
V_121,Benzo(k)fluorantheen,207-08-9,205-916-6,207-08-9,205-916-6,True,205-916-6,True,bevestigd
V_1522,6PPD-Quinone,2754428-18-5,893-269-6,2754428-18-5,,False,893-269-6,True,bevestigd
V_1381,Perfluordodecaansulfonzuur (PFDoDS),79780-39-5,279-259-9,79780-39-5,,False,279-259-9,True,bevestigd
V_1355,Perfluorheptaansulfonzuur (PFHpS),375-92-8,206-800-8,375-92-8,,False,206-800-8,True,bevestigd
V_1387,Dimoxystrobine,149961-52-4,604-712-8,149961-52-4,604-712-8,True,604-712-8,True,bevestigd
V_607,Trifenyltinchloride,639-58-7,211-358-4,639-58-7,,False,211-358-4,True,bevestigd
V_1277,Dapsone,80-08-0,201-248-4,1246638-15-2; 80-08-0,201-248-4,True,201-248-4,True,bevestigd
V_1391,Ipconazool,125225-28-7,603-038-1,115850-69-6; 125225-28-7,603-038-1,True,603-038-1,True,bevestigd
V_1278,Oxacilline,66-79-5,200-635-5,66-79-5,,False,200-635-5,True,bevestigd
V_1374,Arsenobetaïne,64436-13-1,634-697-3,64436-13-1,,False,,False,bevestigd
V_1256,Norfloxacine,70458-96-7,274-614-4,70458-96-7,,False,274-614-4,True,bevestigd
V_962,Perfluoroctaansulfonzuur (PFOS),1763-23-1,217-179-8,132324-11-9; 1763-23-1,217-179-8,True,217-179-8,True,bevestigd
V_194,Cybutrine,28159-98-0,248-872-3,28159-98-0,,False,248-872-3,True,bevestigd
V_1386,O-desmethylvenlafaxine,93413-62-8,700-516-2,93413-62-8,,False,700-516-2,True,bevestigd
V_1279,Cefobid,62893-19-0,263-749-4,62893-19-0,,False,263-749-4,True,bevestigd
V_1283,Dicloxacilline,1173-88-2,221-488-3,3116-76-5,,False,,False,afwijkend
V_1282,Tetracycline,60-54-8,200-481-9,60-54-8,,False,,False,bevestigd
V_1352,Perfluorhexadecaanzuur (PFHxDA),67905-19-5,267-638-1,67905-19-5,,False,267-638-1,True,bevestigd
V_855,Nonylfenol,84852-15-3,284-325-5,84852-15-3,284-325-5,True,,False,bevestigd
V_1275,Cloxacilline,61-72-3,200-514-7,61-72-3,,False,200-514-7,True,bevestigd
V_1354,Perfluorpentaansulfonzuur (PFPeS),2706-91-4,220-301-2,2706-91-4,,False,220-301-2,True,bevestigd
V_718,Chloorfenvinfos,470-90-6,207-432-0,470-90-6,207-432-0,True,207-432-0,True,bevestigd
V_1272,Thiamuline,55297-95-5,259-580-0,55297-95-5,,False,259-580-0,True,bevestigd
V_1080,Miconazol,22916-47-8,245-324-5,22916-47-8,,False,245-324-5,True,bevestigd
V_1276,Chlooramfenicol,56-75-7,200-287-4,56-75-7,,False,200-287-4,True,bevestigd
V_2,alfa+beta+gamma+delta Hexachloorcyclohexaan,608-73-1,210-168-9,39284-22-5; 608-73-1,,False,,False,bevestigd
V_1240,Perfluortridecaanzuur (PFTrDA),72629-94-8,276-745-2,72629-94-8,276-745-2,True,276-745-2,True,bevestigd
V_1404,N-methylperfluorbutaansulfonamide (MePFBSA),68298-12-4,614-396-3,68298-12-4,,False,614-396-3,True,bevestigd
V_116,Anthraceen,120-12-7,204-371-1,120-12-7,204-371-1,True,204-371-1,True,bevestigd
V_1393,Metconazool,125116-23-6,603-031-3,125116-23-6,,False,603-031-3,True,bevestigd
V_1266,Danofloxacine,112398-08-0,918-378-9,,,False,,False,ec_onbekend_bij_echa
V_879,"Alkanen, gechloreerde",85535-84-8,287-476-5,85535-84-8,287-476-5,True,,False,bevestigd
V_1255,Sulfachloropyridazine,80-32-0,201-269-9,80-32-0,,False,201-269-9,True,bevestigd
V_333,Cadmium,7440-43-9,231-152-8,7440-43-9,231-152-8,True,231-152-8,True,bevestigd
V_1292,Nafcilline,147-52-4,205-690-9,147-52-4,,False,205-690-9,True,bevestigd
V_1260,Cefazoline,25953-19-9,247-362-8,25953-19-9,,False,247-362-8,True,bevestigd
V_385,Hexachloorbenzeen,118-74-1,204-273-9,1135443-45-6; 118-74-1,204-273-9,True,204-273-9,True,bevestigd
V_1395,N-ethylperfluoroctaan-1-sulfonamide (EtPFOSA),4151-50-2,223-980-3,4151-50-2,,False,223-980-3,True,bevestigd
V_120,"Benzo(g,h,i)peryleen",191-24-2,205-883-8,191-24-2,205-883-8,True,205-883-8,True,bevestigd
V_1258,Sulfathiazole,72-14-0,200-771-5,158269-46-6; 6052-33-1; 72-14-0; 859037-27-7,,False,200-771-5,True,bevestigd
V_1289,Nalidixinezuur,389-08-2,206-864-7,389-08-2,,False,206-864-7,True,bevestigd
V_413,Diuron,330-54-1,206-354-4,102962-29-8; 127641-75-2; 150825-44-8; 201749-62-4; 2097333-87-2; 330-54-1; 56449-18-4,206-354-4,True,206-354-4,True,bevestigd
V_1252,Sulfamethoxypyridazine,80-35-3,201-272-5,80-35-3,,False,201-272-5,True,bevestigd
V_1273,Sulfaclozine,102-65-8,203-044-0,102-65-8,,False,203-044-0,True,bevestigd
V_1390,Fluconazol,86386-73-4,627-806-0,86386-73-4,,False,627-806-0,True,bevestigd
V_1280,Sulfaquinoxaline,59-40-5,200-423-2,59-40-5; 8027-68-7,,False,200-423-2,True,bevestigd
V_1263,Chloortetracycline,57-62-5,200-341-7,57-62-5,,False,,False,bevestigd
V_408,Atrazine,1912-24-9,217-617-8,11121-31-6; 12040-45-8; 12797-72-7; 1912-24-9; 39400-72-1; 69771-31-9; 93616-39-8,217-617-8,True,217-617-8,True,bevestigd
V_1261,Cefapirine,21593-23-7,244-466-5,21593-23-7,,False,244-466-5,True,bevestigd
V_127,"Indeno(1,2,3-cd)pyreen",193-39-5,205-893-2,193-39-5; 348085-46-1,,False,205-893-2,True,bevestigd
V_493,4-tert-Octylfenol,140-66-9,205-426-2,124765-79-3; 140-66-9; 37769-53-2; 85771-77-3,205-426-2,True,205-426-2,True,bevestigd
V_1360,8:2 fluortelomeersulfonzuur (8:2 FTS),39108-34-4,254-295-8,39108-34-4,,False,254-295-8,True,bevestigd
V_412,Desisopropylatrazine,1007-28-9,206-354-4,102962-29-8; 127641-75-2; 150825-44-8; 201749-62-4; 2097333-87-2; 330-54-1; 56449-18-4,,False,,False,afwijkend
V_402,pp'Dichloordifenyldichlooretheen,72-55-9,200-784-6,72-55-9,,False,,False,bevestigd
V_1247,Sulfapyridine,144-83-2,205-642-7,144-83-2,,False,205-642-7,True,bevestigd
V_1270,Cinoxacine,28657-80-9,249-133-8,28657-80-9,,False,249-133-8,True,bevestigd
V_341,Lood,7439-92-1,231-100-4,724427-66-1; 7439-92-1,231-100-4,True,231-100-4,True,bevestigd
V_716,Chloorpyrifos-ethyl,2921-88-2,220-864-4,12768-48-8; 2921-88-2; 39475-55-3,220-864-4,True,220-864-4,True,bevestigd
