eenheid,label,csor_symbool,matchType,qudt_uri,qudt_symbool,http_status,edit_distance_raw,edit_distance_genormaliseerd,categorie,redirect_statuses,final_url,permanent_redirect,payload_subject_matches
https://data.omgeving.vlaanderen.be/id/concept/csor/eenheid/E_128,milligram chloor per liter,mgCl/L,broadMatch,http://qudt.org/vocab/unit/MilliGM-PER-L,mg/L,200,2,2,afwijkend,302,https://qudt.org/vocab/unit/MilliGM-PER-L,False,True
https://data.omgeving.vlaanderen.be/id/concept/csor/eenheid/E_319,nanogram chloor per liter,ngCl/L,broadMatch,http://qudt.org/vocab/unit/NanoGM-PER-L,ng/L,200,2,2,afwijkend,302,https://qudt.org/vocab/unit/NanoGM-PER-L,False,True
https://data.omgeving.vlaanderen.be/id/concept/csor/eenheid/E_63,becquerel per liter,Bq/L,exactMatch,http://qudt.org/vocab/unit/BQ-PER-L,Bq/L,200,0,0,exact,302,https://qudt.org/vocab/unit/BQ-PER-L,False,True
https://data.omgeving.vlaanderen.be/id/concept/csor/eenheid/E_18,gram per uur,g/u,exactMatch,http://qudt.org/vocab/unit/GM-PER-HR,g/h,200,1,0,notatie_only,302,https://qudt.org/vocab/unit/GM-PER-HR,False,True
https://data.omgeving.vlaanderen.be/id/concept/csor/eenheid/E_185,gram fluor per dag,gF/d,broadMatch,http://qudt.org/vocab/unit/GM-PER-DAY,g/d,200,1,1,afwijkend,302,https://qudt.org/vocab/unit/GM-PER-DAY,False,True
https://data.omgeving.vlaanderen.be/id/concept/csor/eenheid/E_23,ton per dag,t/d,exactMatch,http://qudt.org/vocab/unit/TONNE-PER-DAY,t/d,200,0,0,exact,302,https://qudt.org/vocab/unit/TONNE-PER-DAY,False,True
https://data.omgeving.vlaanderen.be/id/concept/csor/eenheid/E_298,milligram Sulfaat per liter,mgSO4/L,broadMatch,http://qudt.org/vocab/unit/MilliGM-PER-L,mg/L,200,3,3,afwijkend,302,https://qudt.org/vocab/unit/MilliGM-PER-L,False,True
https://data.omgeving.vlaanderen.be/id/concept/csor/eenheid/E_101,microgram koolstof per liter,µgC/L,broadMatch,http://qudt.org/vocab/unit/MicroGM-PER-L,μg/L,200,2,1,afwijkend,302,https://qudt.org/vocab/unit/MicroGM-PER-L,False,True
https://data.omgeving.vlaanderen.be/id/concept/csor/eenheid/E_147,gram chloor per dag,gCl/d,broadMatch,http://qudt.org/vocab/unit/GM-PER-DAY,g/d,200,2,2,afwijkend,302,https://qudt.org/vocab/unit/GM-PER-DAY,False,True
https://data.omgeving.vlaanderen.be/id/concept/csor/eenheid/E_320,gram chloor per liter,gCl/L,broadMatch,http://qudt.org/vocab/unit/GM-PER-L,g/L,200,2,2,afwijkend,302,https://qudt.org/vocab/unit/GM-PER-L,False,True
https://data.omgeving.vlaanderen.be/id/concept/csor/eenheid/E_1,milligram per liter,mg/L,exactMatch,http://qudt.org/vocab/unit/MilliGM-PER-L,mg/L,200,0,0,exact,302,https://qudt.org/vocab/unit/MilliGM-PER-L,False,True
https://data.omgeving.vlaanderen.be/id/concept/csor/eenheid/E_106,gram stikstof per dag,gN/d,broadMatch,http://qudt.org/vocab/unit/GM-PER-DAY,g/d,200,1,1,afwijkend,302,https://qudt.org/vocab/unit/GM-PER-DAY,False,True
https://data.omgeving.vlaanderen.be/id/concept/csor/eenheid/E_127,milligram chloor per kilogram droge stof,mgCl/kg ds,broadMatch,http://qudt.org/vocab/unit/MilliGM-PER-KiloGM,mg/kg,200,5,5,afwijkend,302,https://qudt.org/vocab/unit/MilliGM-PER-KiloGM,False,True
https://data.omgeving.vlaanderen.be/id/concept/csor/eenheid/E_301,gram per kilogram droge stof,g/kg ds,broadMatch,http://qudt.org/vocab/unit/GM-PER-KiloGM,g/kg,200,3,3,afwijkend,302,https://qudt.org/vocab/unit/GM-PER-KiloGM,False,True
https://data.omgeving.vlaanderen.be/id/concept/csor/eenheid/E_318,kilogram koolstof per liter,kgC/L,broadMatch,http://qudt.org/vocab/unit/KiloGM-PER-L,kg/L,200,1,1,afwijkend,302,https://qudt.org/vocab/unit/KiloGM-PER-L,False,True
https://data.omgeving.vlaanderen.be/id/concept/csor/eenheid/E_62,graden Celsius,°C,exactMatch,http://qudt.org/vocab/unit/DEG_C,°C,200,0,0,exact,302,https://qudt.org/vocab/unit/DEG_C,False,True
https://data.omgeving.vlaanderen.be/id/concept/csor/eenheid/E_141,gram fosfor per dag,gP/d,broadMatch,http://qudt.org/vocab/unit/GM-PER-DAY,g/d,200,1,1,afwijkend,302,https://qudt.org/vocab/unit/GM-PER-DAY,False,True
https://data.omgeving.vlaanderen.be/id/concept/csor/eenheid/E_148,kilogram chloor per dag,kgCl/d,broadMatch,http://qudt.org/vocab/unit/KiloGM-PER-DAY,kg/d,200,2,2,afwijkend,302,https://qudt.org/vocab/unit/KiloGM-PER-DAY,False,True
https://data.omgeving.vlaanderen.be/id/concept/csor/eenheid/E_120,kilogram koolstof,kgC,broadMatch,http://qudt.org/vocab/unit/KiloGM,kg,200,1,1,afwijkend,302,https://qudt.org/vocab/unit/KiloGM,False,True
https://data.omgeving.vlaanderen.be/id/concept/csor/eenheid/E_110,kilogram stikstof per uur,kgN/u,broadMatch,http://qudt.org/vocab/unit/KiloGM-PER-HR,kg/h,200,2,1,afwijkend,302,https://qudt.org/vocab/unit/KiloGM-PER-HR,False,True
https://data.omgeving.vlaanderen.be/id/concept/csor/eenheid/E_354,procent per droge stof,% ds,broadMatch,http://qudt.org/vocab/unit/PERCENT,%,200,3,3,afwijkend,302,https://qudt.org/vocab/unit/PERCENT,False,True
https://data.omgeving.vlaanderen.be/id/concept/csor/eenheid/E_170,kilogram zuurstof per uur,kgO2/u,broadMatch,http://qudt.org/vocab/unit/KiloGM-PER-HR,kg/h,200,3,2,afwijkend,302,https://qudt.org/vocab/unit/KiloGM-PER-HR,False,True
https://data.omgeving.vlaanderen.be/id/concept/csor/eenheid/E_131,milligram fosfor per liter,mgP/L,broadMatch,http://qudt.org/vocab/unit/MilliGM-PER-L,mg/L,200,1,1,afwijkend,302,https://qudt.org/vocab/unit/MilliGM-PER-L,False,True
https://data.omgeving.vlaanderen.be/id/concept/csor/eenheid/E_74,Geen,-,exactMatch,http://qudt.org/vocab/unit/UNITLESS,一,200,1,1,afwijkend,302,https://qudt.org/vocab/unit/UNITLESS,False,True
https://data.omgeving.vlaanderen.be/id/concept/csor/eenheid/E_27,milligram per kilogram,mg/kg,exactMatch,http://qudt.org/vocab/unit/MilliGM-PER-KiloGM,mg/kg,200,0,0,exact,302,https://qudt.org/vocab/unit/MilliGM-PER-KiloGM,False,True
https://data.omgeving.vlaanderen.be/id/concept/csor/eenheid/E_46,kubieke meter per uur,m³/u,exactMatch,http://qudt.org/vocab/unit/M3-PER-HR,m³/h,200,1,0,notatie_only,302,https://qudt.org/vocab/unit/M3-PER-HR,False,True
https://data.omgeving.vlaanderen.be/id/concept/csor/eenheid/E_132,microgram fosfor per liter,µgP/L,broadMatch,http://qudt.org/vocab/unit/MicroGM-PER-L,μg/L,200,2,1,afwijkend,302,https://qudt.org/vocab/unit/MicroGM-PER-L,False,True
https://data.omgeving.vlaanderen.be/id/concept/csor/eenheid/E_151,kilogram fosfor,kgP,broadMatch,http://qudt.org/vocab/unit/KiloGM,kg,200,1,1,afwijkend,302,https://qudt.org/vocab/unit/KiloGM,False,True
https://data.omgeving.vlaanderen.be/id/concept/csor/eenheid/E_114,gram zuurstof,gO2,broadMatch,http://qudt.org/vocab/unit/GM,g,200,2,2,afwijkend,302,https://qudt.org/vocab/unit/GM,False,True
https://data.omgeving.vlaanderen.be/id/concept/csor/eenheid/E_137,milligram zwavel per liter,mgS/L,broadMatch,http://qudt.org/vocab/unit/MilliGM-PER-L,mg/L,200,1,1,afwijkend,302,https://qudt.org/vocab/unit/MilliGM-PER-L,False,True
https://data.omgeving.vlaanderen.be/id/concept/csor/eenheid/E_153,microgram tin,µgSn,broadMatch,http://qudt.org/vocab/unit/MicroGM,μg,200,3,2,afwijkend,302,https://qudt.org/vocab/unit/MicroGM,False,True
https://data.omgeving.vlaanderen.be/id/concept/csor/eenheid/E_182,milligram fluor per dag,mgF/d,broadMatch,http://qudt.org/vocab/unit/MilliGM-PER-DAY,mg/d,200,1,1,afwijkend,302,https://qudt.org/vocab/unit/MilliGM-PER-DAY,False,True
https://data.omgeving.vlaanderen.be/id/concept/csor/eenheid/E_47,liter per dag,L/d,exactMatch,http://qudt.org/vocab/unit/L-PER-DAY,L/d,200,0,0,exact,302,https://qudt.org/vocab/unit/L-PER-DAY,False,True
https://data.omgeving.vlaanderen.be/id/concept/csor/eenheid/E_305,gram stikstof per kilogram droge stof,gN/kg ds,broadMatch,http://qudt.org/vocab/unit/GM-PER-KiloGM,g/kg,200,4,4,afwijkend,302,https://qudt.org/vocab/unit/GM-PER-KiloGM,False,True
https://data.omgeving.vlaanderen.be/id/concept/csor/eenheid/E_339,gram zwavel per liter,gS/L,broadMatch,http://qudt.org/vocab/unit/GM-PER-L,g/L,200,1,1,afwijkend,302,https://qudt.org/vocab/unit/GM-PER-L,False,True
https://data.omgeving.vlaanderen.be/id/concept/csor/eenheid/E_70,milliliter per liter,mL/L,exactMatch,http://qudt.org/vocab/unit/MilliL-PER-L,mL/L,200,0,0,exact,302,https://qudt.org/vocab/unit/MilliL-PER-L,False,True
https://data.omgeving.vlaanderen.be/id/concept/csor/eenheid/E_163,procent mortaliteit,%mort,broadMatch,http://qudt.org/vocab/unit/PERCENT,%,200,4,4,afwijkend,302,https://qudt.org/vocab/unit/PERCENT,False,True
https://data.omgeving.vlaanderen.be/id/concept/csor/eenheid/E_130,millgram fosfor per kilogram droge stof,mgP/kg ds,broadMatch,http://qudt.org/vocab/unit/MilliGM-PER-KiloGM,mg/kg,200,4,4,afwijkend,302,https://qudt.org/vocab/unit/MilliGM-PER-KiloGM,False,True
https://data.omgeving.vlaanderen.be/id/concept/csor/eenheid/E_181,kilogram fluor per dag,kgF/d,broadMatch,http://qudt.org/vocab/unit/KiloGM-PER-DAY,kg/d,200,1,1,afwijkend,302,https://qudt.org/vocab/unit/KiloGM-PER-DAY,False,True
https://data.omgeving.vlaanderen.be/id/concept/csor/eenheid/E_50,kubieke meter per jaar,m³/jr,exactMatch,http://qudt.org/vocab/unit/M3-PER-YR,m³/a,200,2,0,notatie_only,302,https://qudt.org/vocab/unit/M3-PER-YR,False,True
https://data.omgeving.vlaanderen.be/id/concept/csor/eenheid/E_332,nanogram stikstof per liter,ngN/L,broadMatch,http://qudt.org/vocab/unit/NanoGM-PER-L,ng/L,200,1,1,afwijkend,302,https://qudt.org/vocab/unit/NanoGM-PER-L,False,True
https://data.omgeving.vlaanderen.be/id/concept/csor/eenheid/E_5,kilogram per kubieke meter,kg/m³,exactMatch,http://qudt.org/vocab/unit/KiloGM-PER-M3,kg/m³,200,0,0,exact,302,https://qudt.org/vocab/unit/KiloGM-PER-M3,False,True
https://data.omgeving.vlaanderen.be/id/concept/csor/eenheid/E_297,milligram Fosfaat per liter,mgPO4/L,broadMatch,http://qudt.org/vocab/unit/MilliGM-PER-L,mg/L,200,3,3,afwijkend,302,https://qudt.org/vocab/unit/MilliGM-PER-L,False,True
https://data.omgeving.vlaanderen.be/id/concept/csor/eenheid/E_37,milligram,mg,exactMatch,http://qudt.org/vocab/unit/MilliGM,mg,200,0,0,exact,302,https://qudt.org/vocab/unit/MilliGM,False,True
https://data.omgeving.vlaanderen.be/id/concept/csor/eenheid/E_36,gram,g,exactMatch,http://qudt.org/vocab/unit/GM,g,200,0,0,exact,302,https://qudt.org/vocab/unit/GM,False,True
https://data.omgeving.vlaanderen.be/id/concept/csor/eenheid/E_77,millimeter per dag,mm/d,exactMatch,http://qudt.org/vocab/unit/MilliM-PER-DAY,mm/d,200,0,0,exact,302,https://qudt.org/vocab/unit/MilliM-PER-DAY,False,True
https://data.omgeving.vlaanderen.be/id/concept/csor/eenheid/E_121,kilogram koolstof per dag,kgC/d,broadMatch,http://qudt.org/vocab/unit/KiloGM-PER-DAY,kg/d,200,1,1,afwijkend,302,https://qudt.org/vocab/unit/KiloGM-PER-DAY,False,True
https://data.omgeving.vlaanderen.be/id/concept/csor/eenheid/E_373,gram stikstof per kilogram,gN/kg,broadMatch,http://qudt.org/vocab/unit/GM-PER-KiloGM,g/kg,200,1,1,afwijkend,302,https://qudt.org/vocab/unit/GM-PER-KiloGM,False,True
https://data.omgeving.vlaanderen.be/id/concept/csor/eenheid/E_71,millivolt,mV,exactMatch,http://qudt.org/vocab/unit/MilliV,mV,200,0,0,exact,302,https://qudt.org/vocab/unit/MilliV,False,True
https://data.omgeving.vlaanderen.be/id/concept/csor/eenheid/E_175,normaal kubieke meter per uur,Nm³/u,broadMatch,http://qudt.org/vocab/unit/M3-PER-HR,m³/h,200,2,1,afwijkend,302,https://qudt.org/vocab/unit/M3-PER-HR,False,True
https://data.omgeving.vlaanderen.be/id/concept/csor/eenheid/E_134,milligram tin per kilogram droge stof,mgSn/kg ds,broadMatch,http://qudt.org/vocab/unit/MilliGM-PER-KiloGM,mg/kg,200,5,5,afwijkend,302,https://qudt.org/vocab/unit/MilliGM-PER-KiloGM,False,True
https://data.omgeving.vlaanderen.be/id/concept/csor/eenheid/E_184,gram fluor,gF,broadMatch,http://qudt.org/vocab/unit/GM,g,200,1,1,afwijkend,302,https://qudt.org/vocab/unit/GM,False,True
https://data.omgeving.vlaanderen.be/id/concept/csor/eenheid/E_103,milligram stikstof per liter,mgN/L,broadMatch,http://qudt.org/vocab/unit/MilliGM-PER-L,mg/L,200,1,1,afwijkend,302,https://qudt.org/vocab/unit/MilliGM-PER-L,False,True
https://data.omgeving.vlaanderen.be/id/concept/csor/eenheid/E_13,kilogram per uur,kg/u,exactMatch,http://qudt.org/vocab/unit/KiloGM-PER-HR,kg/h,200,1,0,notatie_only,302,https://qudt.org/vocab/unit/KiloGM-PER-HR,False,True
https://data.omgeving.vlaanderen.be/id/concept/csor/eenheid/E_97,microgram per kilogram droge stof,µg/kg ds,broadMatch,http://qudt.org/vocab/unit/MicroGM-PER-KiloGM,μg/kg,200,4,3,afwijkend,302,https://qudt.org/vocab/unit/MicroGM-PER-KiloGM,False,True
https://data.omgeving.vlaanderen.be/id/concept/csor/eenheid/E_327,gram per normaal kubieke meter,g/Nm³,broadMatch,http://qudt.org/vocab/unit/GM-PER-M3,g/m³,200,1,1,afwijkend,302,https://qudt.org/vocab/unit/GM-PER-M3,False,True
https://data.omgeving.vlaanderen.be/id/concept/csor/eenheid/E_138,microgram zwavel per liter,µgS/L,broadMatch,http://qudt.org/vocab/unit/MicroGM-PER-L,μg/L,200,2,1,afwijkend,302,https://qudt.org/vocab/unit/MicroGM-PER-L,False,True
https://data.omgeving.vlaanderen.be/id/concept/csor/eenheid/E_145,kilogram fosfor per jaar,kgP/jr,broadMatch,http://qudt.org/vocab/unit/KiloGM-PER-YR,kg/a,200,3,1,afwijkend,302,https://qudt.org/vocab/unit/KiloGM-PER-YR,False,True
https://data.omgeving.vlaanderen.be/id/concept/csor/eenheid/E_113,kilogram stifstof,kgN,broadMatch,http://qudt.org/vocab/unit/KiloGM,kg,200,1,1,afwijkend,302,https://qudt.org/vocab/unit/KiloGM,False,True
https://data.omgeving.vlaanderen.be/id/concept/csor/eenheid/E_102,milligram zuurstof per liter,mgO2/L,broadMatch,http://qudt.org/vocab/unit/MilliGM-PER-L,mg/L,200,2,2,afwijkend,302,https://qudt.org/vocab/unit/MilliGM-PER-L,False,True
https://data.omgeving.vlaanderen.be/id/concept/csor/eenheid/E_125,milligram stikstof per kilogram droge stof,mgN/kg ds,broadMatch,http://qudt.org/vocab/unit/MilliGM-PER-KiloGM,mg/kg,200,4,4,afwijkend,302,https://qudt.org/vocab/unit/MilliGM-PER-KiloGM,False,True
https://data.omgeving.vlaanderen.be/id/concept/csor/eenheid/E_111,milligram stikstof,mgN,broadMatch,http://qudt.org/vocab/unit/MilliGM,mg,200,1,1,afwijkend,302,https://qudt.org/vocab/unit/MilliGM,False,True
https://data.omgeving.vlaanderen.be/id/concept/csor/eenheid/E_12,kilogram per jaar,kg/jr,exactMatch,http://qudt.org/vocab/unit/KiloGM-PER-YR,kg/a,200,2,0,notatie_only,302,https://qudt.org/vocab/unit/KiloGM-PER-YR,False,True
https://data.omgeving.vlaanderen.be/id/concept/csor/eenheid/E_144,kilogram fosfor per uur,kgP/u,broadMatch,http://qudt.org/vocab/unit/KiloGM-PER-HR,kg/h,200,2,1,afwijkend,302,https://qudt.org/vocab/unit/KiloGM-PER-HR,False,True
https://data.omgeving.vlaanderen.be/id/concept/csor/eenheid/E_317,gram koolstof per liter,gC/L,broadMatch,http://qudt.org/vocab/unit/GM-PER-L,g/L,200,1,1,afwijkend,302,https://qudt.org/vocab/unit/GM-PER-L,False,True
https://data.omgeving.vlaanderen.be/id/concept/csor/eenheid/E_33,liter,L,exactMatch,http://qudt.org/vocab/unit/L,L,200,0,0,exact,302,https://qudt.org/vocab/unit/L,False,True
https://data.omgeving.vlaanderen.be/id/concept/csor/eenheid/E_79,mol,mol,exactMatch,http://qudt.org/vocab/unit/MOL,mol,200,0,0,exact,302,https://qudt.org/vocab/unit/MOL,False,True
https://data.omgeving.vlaanderen.be/id/concept/csor/eenheid/E_117,kilogram zuurstof per jaar,kgO2/jr,broadMatch,http://qudt.org/vocab/unit/KiloGM-PER-YR,kg/a,200,4,2,afwijkend,302,https://qudt.org/vocab/unit/KiloGM-PER-YR,False,True
https://data.omgeving.vlaanderen.be/id/concept/csor/eenheid/E_28,microgram per kilogram,µg/kg,exactMatch,http://qudt.org/vocab/unit/MicroGM-PER-KiloGM,μg/kg,200,1,0,notatie_only,302,https://qudt.org/vocab/unit/MicroGM-PER-KiloGM,False,True
https://data.omgeving.vlaanderen.be/id/concept/csor/eenheid/E_43,procent,%,exactMatch,http://qudt.org/vocab/unit/PERCENT,%,200,0,0,exact,302,https://qudt.org/vocab/unit/PERCENT,False,True
https://data.omgeving.vlaanderen.be/id/concept/csor/eenheid/E_55,per liter,/L,exactMatch,http://qudt.org/vocab/unit/NUM-PER-L,#/L,200,1,1,afwijkend,302,https://qudt.org/vocab/unit/NUM-PER-L,False,True
https://data.omgeving.vlaanderen.be/id/concept/csor/eenheid/E_338,nanogram zwavel per liter,ngS/L,broadMatch,http://qudt.org/vocab/unit/NanoGM-PER-L,ng/L,200,1,1,afwijkend,302,https://qudt.org/vocab/unit/NanoGM-PER-L,False,True
https://data.omgeving.vlaanderen.be/id/concept/csor/eenheid/E_133,microgram tin per kilogram droge stof,µgSn/kg ds,broadMatch,http://qudt.org/vocab/unit/MicroGM-PER-KiloGM,μg/kg,200,6,5,afwijkend,302,https://qudt.org/vocab/unit/MicroGM-PER-KiloGM,False,True
https://data.omgeving.vlaanderen.be/id/concept/csor/eenheid/E_139,milligram CaCO3 per liter,mgCaCO3/L,broadMatch,http://qudt.org/vocab/unit/MilliGM-PER-L,mg/L,200,5,5,afwijkend,302,https://qudt.org/vocab/unit/MilliGM-PER-L,False,True
https://data.omgeving.vlaanderen.be/id/concept/csor/eenheid/E_135,nanogram tin per liter,ngSn/L,broadMatch,http://qudt.org/vocab/unit/NanoGM-PER-L,ng/L,200,2,2,afwijkend,302,https://qudt.org/vocab/unit/NanoGM-PER-L,False,True
https://data.omgeving.vlaanderen.be/id/concept/csor/eenheid/E_242,microgram zuurstof per liter,µgO2/L,broadMatch,http://qudt.org/vocab/unit/MicroGM-PER-L,μg/L,200,3,2,afwijkend,302,https://qudt.org/vocab/unit/MicroGM-PER-L,False,True
https://data.omgeving.vlaanderen.be/id/concept/csor/eenheid/E_126,milligram ammonium per liter,mgNH4/L,broadMatch,http://qudt.org/vocab/unit/MilliGM-PER-L,mg/L,200,3,3,afwijkend,302,https://qudt.org/vocab/unit/MilliGM-PER-L,False,True
https://data.omgeving.vlaanderen.be/id/concept/csor/eenheid/E_239,microgram per filter,µg/filter,broadMatch,http://qudt.org/vocab/unit/MicroGM,μg,200,8,7,afwijkend,302,https://qudt.org/vocab/unit/MicroGM,False,True
https://data.omgeving.vlaanderen.be/id/concept/csor/eenheid/E_334,kilogram stikstof per liter,kgN/L,broadMatch,http://qudt.org/vocab/unit/KiloGM-PER-L,kg/L,200,1,1,afwijkend,302,https://qudt.org/vocab/unit/KiloGM-PER-L,False,True
https://data.omgeving.vlaanderen.be/id/concept/csor/eenheid/E_11,kilogram per dag,kg/d,exactMatch,http://qudt.org/vocab/unit/KiloGM-PER-DAY,kg/d,200,0,0,exact,302,https://qudt.org/vocab/unit/KiloGM-PER-DAY,False,True
https://data.omgeving.vlaanderen.be/id/concept/csor/eenheid/E_333,gram stikstof per liter,gN/L,broadMatch,http://qudt.org/vocab/unit/GM-PER-L,g/L,200,1,1,afwijkend,302,https://qudt.org/vocab/unit/GM-PER-L,False,True
https://data.omgeving.vlaanderen.be/id/concept/csor/eenheid/E_105,kilogram stifkstof  per dag,kgN/d,broadMatch,http://qudt.org/vocab/unit/KiloGM-PER-DAY,kg/d,200,1,1,afwijkend,302,https://qudt.org/vocab/unit/KiloGM-PER-DAY,False,True
https://data.omgeving.vlaanderen.be/id/concept/csor/eenheid/E_152,gram fosfor,gP,broadMatch,http://qudt.org/vocab/unit/GM,g,200,1,1,afwijkend,302,https://qudt.org/vocab/unit/GM,False,True
https://data.omgeving.vlaanderen.be/id/concept/csor/eenheid/E_3,gram per liter,g/L,exactMatch,http://qudt.org/vocab/unit/GM-PER-L,g/L,200,0,0,exact,302,https://qudt.org/vocab/unit/GM-PER-L,False,True
https://data.omgeving.vlaanderen.be/id/concept/csor/eenheid/E_136,microgram tin per liter,µgSn/L,broadMatch,http://qudt.org/vocab/unit/MicroGM-PER-L,μg/L,200,3,2,afwijkend,302,https://qudt.org/vocab/unit/MicroGM-PER-L,False,True
https://data.omgeving.vlaanderen.be/id/concept/csor/eenheid/E_60,millimeter,mm,exactMatch,http://qudt.org/vocab/unit/MilliM,mm,200,0,0,exact,302,https://qudt.org/vocab/unit/MilliM,False,True
https://data.omgeving.vlaanderen.be/id/concept/csor/eenheid/E_123,milligram koolstof per kilogram droge stof,mgC/kg ds,broadMatch,http://qudt.org/vocab/unit/MilliGM-PER-KiloGM,mg/kg,200,4,4,afwijkend,302,https://qudt.org/vocab/unit/MilliGM-PER-KiloGM,False,True
https://data.omgeving.vlaanderen.be/id/concept/csor/eenheid/E_66,Nephelometrische turbiditeitseenheden,NTU,exactMatch,http://qudt.org/vocab/unit/NTU,NTU,200,0,0,exact,302,https://qudt.org/vocab/unit/NTU,False,True
https://data.omgeving.vlaanderen.be/id/concept/csor/eenheid/E_96,milligram per kilogram droge stof,mg/kg ds,broadMatch,http://qudt.org/vocab/unit/MilliGM-PER-KiloGM,mg/kg,200,3,3,afwijkend,302,https://qudt.org/vocab/unit/MilliGM-PER-KiloGM,False,True
https://data.omgeving.vlaanderen.be/id/concept/csor/eenheid/E_324,gram koolstofdisulfide per liter,gCS2/L,broadMatch,http://qudt.org/vocab/unit/GM-PER-L,g/L,200,3,3,afwijkend,302,https://qudt.org/vocab/unit/GM-PER-L,False,True
https://data.omgeving.vlaanderen.be/id/concept/csor/eenheid/E_146,milligram chloor per dag,mgCl/d,broadMatch,http://qudt.org/vocab/unit/MilliGM-PER-DAY,mg/d,200,2,2,afwijkend,302,https://qudt.org/vocab/unit/MilliGM-PER-DAY,False,True
https://data.omgeving.vlaanderen.be/id/concept/csor/eenheid/E_115,kilogram zuurstof,kgO2,broadMatch,http://qudt.org/vocab/unit/KiloGM,kg,200,2,2,afwijkend,302,https://qudt.org/vocab/unit/KiloGM,False,True
https://data.omgeving.vlaanderen.be/id/concept/csor/eenheid/E_98,microgram per kilogram nat gewicht,µg/kg ng,broadMatch,http://qudt.org/vocab/unit/MicroGM-PER-KiloGM,μg/kg,200,4,3,afwijkend,302,https://qudt.org/vocab/unit/MicroGM-PER-KiloGM,False,True
https://data.omgeving.vlaanderen.be/id/concept/csor/eenheid/E_61,centimeter,cm,exactMatch,http://qudt.org/vocab/unit/CentiM,cm,200,0,0,exact,302,https://qudt.org/vocab/unit/CentiM,False,True
https://data.omgeving.vlaanderen.be/id/concept/csor/eenheid/E_119,gram koolstof,gC,broadMatch,http://qudt.org/vocab/unit/GM,g,200,1,1,afwijkend,302,https://qudt.org/vocab/unit/GM,False,True
https://data.omgeving.vlaanderen.be/id/concept/csor/eenheid/E_294,gram droge stof,g ds,broadMatch,http://qudt.org/vocab/unit/GM,g,200,3,3,afwijkend,302,https://qudt.org/vocab/unit/GM,False,True
https://data.omgeving.vlaanderen.be/id/concept/csor/eenheid/E_321,kilogram chloor per liter,kgCl/L,broadMatch,http://qudt.org/vocab/unit/KiloGM-PER-L,kg/L,200,2,2,afwijkend,302,https://qudt.org/vocab/unit/KiloGM-PER-L,False,True
https://data.omgeving.vlaanderen.be/id/concept/csor/eenheid/E_341,gram tin per liter,gSn/L,broadMatch,http://qudt.org/vocab/unit/GM-PER-L,g/L,200,2,2,afwijkend,302,https://qudt.org/vocab/unit/GM-PER-L,False,True
https://data.omgeving.vlaanderen.be/id/concept/csor/eenheid/E_243,nanogram fosfor per liter,ngP/L,broadMatch,http://qudt.org/vocab/unit/NanoGM-PER-L,ng/L,200,1,1,afwijkend,302,https://qudt.org/vocab/unit/NanoGM-PER-L,False,True
https://data.omgeving.vlaanderen.be/id/concept/csor/eenheid/E_83,aantal,#,exactMatch,http://qudt.org/vocab/unit/NUM,#,200,0,0,exact,302,https://qudt.org/vocab/unit/NUM,False,True
https://data.omgeving.vlaanderen.be/id/concept/csor/eenheid/E_335,gram zuurstof per liter,gO2/L,broadMatch,http://qudt.org/vocab/unit/GM-PER-L,g/L,200,2,2,afwijkend,302,https://qudt.org/vocab/unit/GM-PER-L,False,True
https://data.omgeving.vlaanderen.be/id/concept/csor/eenheid/E_99,gram per gram nat gewicht,g/g ng,broadMatch,http://qudt.org/vocab/unit/GM-PER-GM,g/g,200,3,3,afwijkend,302,https://qudt.org/vocab/unit/GM-PER-GM,False,True
https://data.omgeving.vlaanderen.be/id/concept/csor/eenheid/E_116,gram zuurstof per dag,gO2/d,broadMatch,http://qudt.org/vocab/unit/GM-PER-DAY,g/d,200,2,2,afwijkend,302,https://qudt.org/vocab/unit/GM-PER-DAY,False,True
https://data.omgeving.vlaanderen.be/id/concept/csor/eenheid/E_304,microgram stikstof per kilogram droge stof,µgN/kg ds,broadMatch,http://qudt.org/vocab/unit/MicroGM-PER-KiloGM,μg/kg,200,5,4,afwijkend,302,https://qudt.org/vocab/unit/MicroGM-PER-KiloGM,False,True
https://data.omgeving.vlaanderen.be/id/concept/csor/eenheid/E_40,nanogram,ng,exactMatch,http://qudt.org/vocab/unit/NanoGM,ng,200,0,0,exact,302,https://qudt.org/vocab/unit/NanoGM,False,True
https://data.omgeving.vlaanderen.be/id/concept/csor/eenheid/E_183,kilogram fluor,kgF,broadMatch,http://qudt.org/vocab/unit/KiloGM,kg,200,1,1,afwijkend,302,https://qudt.org/vocab/unit/KiloGM,False,True
https://data.omgeving.vlaanderen.be/id/concept/csor/eenheid/E_340,milligram tin per liter,mgSn/L,broadMatch,http://qudt.org/vocab/unit/MilliGM-PER-L,mg/L,200,2,2,afwijkend,302,https://qudt.org/vocab/unit/MilliGM-PER-L,False,True
https://data.omgeving.vlaanderen.be/id/concept/csor/eenheid/E_295,gram NatriumChloride per liter,gNaCl/L,broadMatch,http://qudt.org/vocab/unit/GM-PER-L,g/L,200,4,4,afwijkend,302,https://qudt.org/vocab/unit/GM-PER-L,False,True
https://data.omgeving.vlaanderen.be/id/concept/csor/eenheid/E_14,milligram per dag,mg/d,exactMatch,http://qudt.org/vocab/unit/MilliGM-PER-DAY,mg/d,200,0,0,exact,302,https://qudt.org/vocab/unit/MilliGM-PER-DAY,False,True
https://data.omgeving.vlaanderen.be/id/concept/csor/eenheid/E_322,microgram koolstofdisulfide per liter,µgCS2/L,broadMatch,http://qudt.org/vocab/unit/MicroGM-PER-L,μg/L,200,4,3,afwijkend,302,https://qudt.org/vocab/unit/MicroGM-PER-L,False,True
https://data.omgeving.vlaanderen.be/id/concept/csor/eenheid/E_64,millibecquerel per liter,mBq/L,exactMatch,http://qudt.org/vocab/unit/MilliBQ-PER-L,mBq/L,200,0,0,exact,302,https://qudt.org/vocab/unit/MilliBQ-PER-L,False,True
https://data.omgeving.vlaanderen.be/id/concept/csor/eenheid/E_100,milligram koolstof per liter,mgC/L,broadMatch,http://qudt.org/vocab/unit/MilliGM-PER-L,mg/L,200,1,1,afwijkend,302,https://qudt.org/vocab/unit/MilliGM-PER-L,False,True
https://data.omgeving.vlaanderen.be/id/concept/csor/eenheid/E_34,milliliter,mL,exactMatch,http://qudt.org/vocab/unit/MilliL,mL,200,0,0,exact,302,https://qudt.org/vocab/unit/MilliL,False,True
https://data.omgeving.vlaanderen.be/id/concept/csor/eenheid/E_39,microgram,µg,exactMatch,http://qudt.org/vocab/unit/MicroGM,μg,200,1,0,notatie_only,302,https://qudt.org/vocab/unit/MicroGM,False,True
https://data.omgeving.vlaanderen.be/id/concept/csor/eenheid/E_357,nanogram zuurstof per liter,ngO2/L,broadMatch,http://qudt.org/vocab/unit/NanoGM-PER-L,ng/L,200,2,2,afwijkend,302,https://qudt.org/vocab/unit/NanoGM-PER-L,False,True
https://data.omgeving.vlaanderen.be/id/concept/csor/eenheid/E_238,nanogram per filter,ng/filter,broadMatch,http://qudt.org/vocab/unit/NanoGM,ng,200,7,7,afwijkend,302,https://qudt.org/vocab/unit/NanoGM,False,True
https://data.omgeving.vlaanderen.be/id/concept/csor/eenheid/E_362,kolonievormende eenheden per liter,kve/L,broadMatch,http://qudt.org/vocab/unit/NUM-PER-L,#/L,200,3,3,afwijkend,302,https://qudt.org/vocab/unit/NUM-PER-L,False,True
https://data.omgeving.vlaanderen.be/id/concept/csor/eenheid/E_296,milligram FosforPentoxide per liter,mgP2O5/L,broadMatch,http://qudt.org/vocab/unit/MilliGM-PER-L,mg/L,200,4,4,afwijkend,302,https://qudt.org/vocab/unit/MilliGM-PER-L,False,True
https://data.omgeving.vlaanderen.be/id/concept/csor/eenheid/E_150,milligram chloor,mgCl,broadMatch,http://qudt.org/vocab/unit/MilliGM,mg,200,2,2,afwijkend,302,https://qudt.org/vocab/unit/MilliGM,False,True
https://data.omgeving.vlaanderen.be/id/concept/csor/eenheid/E_4,microgram per liter,µg/L,exactMatch,http://qudt.org/vocab/unit/MicroGM-PER-L,μg/L,200,1,0,notatie_only,302,https://qudt.org/vocab/unit/MicroGM-PER-L,False,True
https://data.omgeving.vlaanderen.be/id/concept/csor/eenheid/E_169,gram chloor,gCl,broadMatch,http://qudt.org/vocab/unit/GM,g,200,2,2,afwijkend,302,https://qudt.org/vocab/unit/GM,False,True
https://data.omgeving.vlaanderen.be/id/concept/csor/eenheid/E_29,gram per gram,g/g,exactMatch,http://qudt.org/vocab/unit/GM-PER-GM,g/g,200,0,0,exact,302,https://qudt.org/vocab/unit/GM-PER-GM,False,True
https://data.omgeving.vlaanderen.be/id/concept/csor/eenheid/E_178,milligram fluor per liter,mgF/L,broadMatch,http://qudt.org/vocab/unit/MilliGM-PER-L,mg/L,200,1,1,afwijkend,302,https://qudt.org/vocab/unit/MilliGM-PER-L,False,True
https://data.omgeving.vlaanderen.be/id/concept/csor/eenheid/E_316,nanogram koolstof per liter,ngC/L,broadMatch,http://qudt.org/vocab/unit/NanoGM-PER-L,ng/L,200,1,1,afwijkend,302,https://qudt.org/vocab/unit/NanoGM-PER-L,False,True
https://data.omgeving.vlaanderen.be/id/concept/csor/eenheid/E_32,kubieke meter,m³,exactMatch,http://qudt.org/vocab/unit/M3,m³,200,0,0,exact,302,https://qudt.org/vocab/unit/M3,False,True
https://data.omgeving.vlaanderen.be/id/concept/csor/eenheid/E_142,kilogram fosfor per dag,kgP/d,broadMatch,http://qudt.org/vocab/unit/KiloGM-PER-DAY,kg/d,200,1,1,afwijkend,302,https://qudt.org/vocab/unit/KiloGM-PER-DAY,False,True
https://data.omgeving.vlaanderen.be/id/concept/csor/eenheid/E_129,microgram chloor per liter,µgCl/L,broadMatch,http://qudt.org/vocab/unit/MicroGM-PER-L,μg/L,200,3,2,afwijkend,302,https://qudt.org/vocab/unit/MicroGM-PER-L,False,True
https://data.omgeving.vlaanderen.be/id/concept/csor/eenheid/E_166,microgram tridecylalcoholether(13)ethoxylaat per liter,µgC13EO/L,broadMatch,http://qudt.org/vocab/unit/MicroGM-PER-L,μg/L,200,6,5,afwijkend,302,https://qudt.org/vocab/unit/MicroGM-PER-L,False,True
https://data.omgeving.vlaanderen.be/id/concept/csor/eenheid/E_336,kilogram zuurstof per liter,kgO2/L,broadMatch,http://qudt.org/vocab/unit/KiloGM-PER-L,kg/L,200,2,2,afwijkend,302,https://qudt.org/vocab/unit/KiloGM-PER-L,False,True
https://data.omgeving.vlaanderen.be/id/concept/csor/eenheid/E_162,procent effect,%effect,broadMatch,http://qudt.org/vocab/unit/PERCENT,%,200,6,6,afwijkend,302,https://qudt.org/vocab/unit/PERCENT,False,True
https://data.omgeving.vlaanderen.be/id/concept/csor/eenheid/E_73,millisiemens per centimeter,mS/cm,exactMatch,http://qudt.org/vocab/unit/MilliS-PER-CentiM,mS/cm,200,0,0,exact,302,https://qudt.org/vocab/unit/MilliS-PER-CentiM,False,True
https://data.omgeving.vlaanderen.be/id/concept/csor/eenheid/E_45,kubieke meter per dag,m³/d,exactMatch,http://qudt.org/vocab/unit/M3-PER-DAY,m³/d,200,0,0,exact,302,https://qudt.org/vocab/unit/M3-PER-DAY,False,True
https://data.omgeving.vlaanderen.be/id/concept/csor/eenheid/E_314,gram asbest per uur,g asbest/u,broadMatch,http://qudt.org/vocab/unit/GM-PER-HR,g/h,200,8,7,afwijkend,302,https://qudt.org/vocab/unit/GM-PER-HR,False,True
https://data.omgeving.vlaanderen.be/id/concept/csor/eenheid/E_104,micorgram stikstof per liter,µgN/L,broadMatch,http://qudt.org/vocab/unit/MicroGM-PER-L,μg/L,200,2,1,afwijkend,302,https://qudt.org/vocab/unit/MicroGM-PER-L,False,True
https://data.omgeving.vlaanderen.be/id/concept/csor/eenheid/E_140,milligram Siliciumdioxide per liter,mgSiO2/L,broadMatch,http://qudt.org/vocab/unit/MilliGM-PER-L,mg/L,200,4,4,afwijkend,302,https://qudt.org/vocab/unit/MilliGM-PER-L,False,True
https://data.omgeving.vlaanderen.be/id/concept/csor/eenheid/E_42,millimol per liter,mmol/L,exactMatch,http://qudt.org/vocab/unit/MilliMOL-PER-L,mmol/L,200,0,0,exact,302,https://qudt.org/vocab/unit/MilliMOL-PER-L,False,True
https://data.omgeving.vlaanderen.be/id/concept/csor/eenheid/E_2,nanogram per liter,ng/L,exactMatch,http://qudt.org/vocab/unit/NanoGM-PER-L,ng/L,200,0,0,exact,302,https://qudt.org/vocab/unit/NanoGM-PER-L,False,True
https://data.omgeving.vlaanderen.be/id/concept/csor/eenheid/E_59,meter,m,exactMatch,http://qudt.org/vocab/unit/M,m,200,0,0,exact,302,https://qudt.org/vocab/unit/M,False,True
https://data.omgeving.vlaanderen.be/id/concept/csor/eenheid/E_149,kilogram chloor,kgCl,broadMatch,http://qudt.org/vocab/unit/KiloGM,kg,200,2,2,afwijkend,302,https://qudt.org/vocab/unit/KiloGM,False,True
https://data.omgeving.vlaanderen.be/id/concept/csor/eenheid/E_179,microgram fluor per liter,µgF/L,broadMatch,http://qudt.org/vocab/unit/MicroGM-PER-L,μg/L,200,2,1,afwijkend,302,https://qudt.org/vocab/unit/MicroGM-PER-L,False,True
https://data.omgeving.vlaanderen.be/id/concept/csor/eenheid/E_72,microsiemens per centimeter,µS/cm,exactMatch,http://qudt.org/vocab/unit/MicroS-PER-CentiM,μS/cm,200,1,0,notatie_only,302,https://qudt.org/vocab/unit/MicroS-PER-CentiM,False,True
https://data.omgeving.vlaanderen.be/id/concept/csor/eenheid/E_353,gram asbest per normaal kubieke meter,g asbest/Nm³,broadMatch,http://qudt.org/vocab/unit/GM-PER-M3,g/m³,200,8,8,afwijkend,302,https://qudt.org/vocab/unit/GM-PER-M3,False,True
https://data.omgeving.vlaanderen.be/id/concept/csor/eenheid/E_7,kilogram per liter,kg/L,exactMatch,http://qudt.org/vocab/unit/KiloGM-PER-L,kg/L,200,0,0,exact,302,https://qudt.org/vocab/unit/KiloGM-PER-L,False,True
https://data.omgeving.vlaanderen.be/id/concept/csor/eenheid/E_165,microgram nonylfenol(12)ethoxylaat per liter,µgC9PEO/L,broadMatch,http://qudt.org/vocab/unit/MicroGM-PER-L,μg/L,200,6,5,afwijkend,302,https://qudt.org/vocab/unit/MicroGM-PER-L,False,True
https://data.omgeving.vlaanderen.be/id/concept/csor/eenheid/E_331,gram koolstof per normaal kubieke meter,gC/Nm³,broadMatch,http://qudt.org/vocab/unit/GM-PER-M3,g/m³,200,2,2,afwijkend,302,https://qudt.org/vocab/unit/GM-PER-M3,False,True
https://data.omgeving.vlaanderen.be/id/concept/csor/eenheid/E_107,milligram stikstof per dag,mgN/d,broadMatch,http://qudt.org/vocab/unit/MilliGM-PER-DAY,mg/d,200,1,1,afwijkend,302,https://qudt.org/vocab/unit/MilliGM-PER-DAY,False,True
https://data.omgeving.vlaanderen.be/id/concept/csor/eenheid/E_122,gram koolstof per dag,gC/d,broadMatch,http://qudt.org/vocab/unit/GM-PER-DAY,g/d,200,1,1,afwijkend,302,https://qudt.org/vocab/unit/GM-PER-DAY,False,True
https://data.omgeving.vlaanderen.be/id/concept/csor/eenheid/E_124,gram koolstof per kilogram droge stof,gC/kg ds,broadMatch,http://qudt.org/vocab/unit/GM-PER-KiloGM,g/kg,200,4,4,afwijkend,302,https://qudt.org/vocab/unit/GM-PER-KiloGM,False,True
https://data.omgeving.vlaanderen.be/id/concept/csor/eenheid/E_53,liter per uur,L/u,exactMatch,http://qudt.org/vocab/unit/L-PER-HR,L/h,200,1,0,notatie_only,302,https://qudt.org/vocab/unit/L-PER-HR,False,True
https://data.omgeving.vlaanderen.be/id/concept/csor/eenheid/E_112,gram stikstof,gN,broadMatch,http://qudt.org/vocab/unit/GM,g,200,1,1,afwijkend,302,https://qudt.org/vocab/unit/GM,False,True
https://data.omgeving.vlaanderen.be/id/concept/csor/eenheid/E_49,kubieke meter per seconde,m³/s,exactMatch,http://qudt.org/vocab/unit/M3-PER-SEC,m³/s,200,0,0,exact,302,https://qudt.org/vocab/unit/M3-PER-SEC,False,True
https://data.omgeving.vlaanderen.be/id/concept/csor/eenheid/E_371,milligram stikstof per kilogram,mgN/kg,broadMatch,http://qudt.org/vocab/unit/MilliGM-PER-KiloGM,mg/kg,200,1,1,afwijkend,302,https://qudt.org/vocab/unit/MilliGM-PER-KiloGM,False,True
https://data.omgeving.vlaanderen.be/id/concept/csor/eenheid/E_171,milligram fosfor per dag,mgP/d,broadMatch,http://qudt.org/vocab/unit/MilliGM-PER-DAY,mg/d,200,1,1,afwijkend,302,https://qudt.org/vocab/unit/MilliGM-PER-DAY,False,True
https://data.omgeving.vlaanderen.be/id/concept/csor/eenheid/E_38,kilogram,kg,exactMatch,http://qudt.org/vocab/unit/KiloGM,kg,200,0,0,exact,302,https://qudt.org/vocab/unit/KiloGM,False,True
https://data.omgeving.vlaanderen.be/id/concept/csor/eenheid/E_118,kilogram zuurstof per dag,kgO2/d,broadMatch,http://qudt.org/vocab/unit/KiloGM-PER-DAY,kg/d,200,2,2,afwijkend,302,https://qudt.org/vocab/unit/KiloGM-PER-DAY,False,True
https://data.omgeving.vlaanderen.be/id/concept/csor/eenheid/E_337,gram fosfor per liter,gP/L,broadMatch,http://qudt.org/vocab/unit/GM-PER-L,g/L,200,1,1,afwijkend,302,https://qudt.org/vocab/unit/GM-PER-L,False,True
https://data.omgeving.vlaanderen.be/id/concept/csor/eenheid/E_109,kilogram stikstof per jaar,kgN/jr,broadMatch,http://qudt.org/vocab/unit/KiloGM-PER-YR,kg/a,200,3,1,afwijkend,302,https://qudt.org/vocab/unit/KiloGM-PER-YR,False,True
https://data.omgeving.vlaanderen.be/id/concept/csor/eenheid/E_6,gram per kubieke meter,g/m³,exactMatch,http://qudt.org/vocab/unit/GM-PER-M3,g/m³,200,0,0,exact,302,https://qudt.org/vocab/unit/GM-PER-M3,False,True
https://data.omgeving.vlaanderen.be/id/concept/csor/eenheid/E_26,gram per kilogram,g/kg,exactMatch,http://qudt.org/vocab/unit/GM-PER-KiloGM,g/kg,200,0,0,exact,302,https://qudt.org/vocab/unit/GM-PER-KiloGM,False,True
https://data.omgeving.vlaanderen.be/id/concept/csor/eenheid/E_10,gram per dag,g/d,exactMatch,http://qudt.org/vocab/unit/GM-PER-DAY,g/d,200,0,0,exact,302,https://qudt.org/vocab/unit/GM-PER-DAY,False,True
https://data.omgeving.vlaanderen.be/id/concept/csor/eenheid/E_180,milligram fluor,mgF,broadMatch,http://qudt.org/vocab/unit/MilliGM,mg,200,1,1,afwijkend,302,https://qudt.org/vocab/unit/MilliGM,False,True
https://data.omgeving.vlaanderen.be/id/concept/csor/eenheid/E_323,milligram koolstofdisulfide per liter,mg Cl/kg,broadMatch,http://qudt.org/vocab/unit/MilliGM-PER-L,mg/L,200,5,5,afwijkend,302,https://qudt.org/vocab/unit/MilliGM-PER-L,False,True
