variabele,variabeleLabel,aantalParameters
https://data.omgeving.vlaanderen.be/id/concept/csor/variabele/V_47,Koolstof,27
https://data.omgeving.vlaanderen.be/id/concept/csor/variabele/V_329,Arseen,25
https://data.omgeving.vlaanderen.be/id/concept/csor/variabele/V_341,Lood,24
https://data.omgeving.vlaanderen.be/id/concept/csor/variabele/V_339,Koper,24
https://data.omgeving.vlaanderen.be/id/concept/csor/variabele/V_335,Chroom,24
https://data.omgeving.vlaanderen.be/id/concept/csor/variabele/V_351,Zink,24
https://data.omgeving.vlaanderen.be/id/concept/csor/variabele/V_333,Cadmium,24
https://data.omgeving.vlaanderen.be/id/concept/csor/variabele/V_344,Nikkel,24
https://data.omgeving.vlaanderen.be/id/concept/csor/variabele/V_340,Kwik,23
https://data.omgeving.vlaanderen.be/id/concept/csor/variabele/V_176,Titaan,20
https://data.omgeving.vlaanderen.be/id/concept/csor/variabele/V_260,Cyaniden,19
https://data.omgeving.vlaanderen.be/id/concept/csor/variabele/V_337,Ijzer,17
https://data.omgeving.vlaanderen.be/id/concept/csor/variabele/V_46,Fosfor,16
https://data.omgeving.vlaanderen.be/id/concept/csor/variabele/V_45,Calcium,14
https://data.omgeving.vlaanderen.be/id/concept/csor/variabele/V_342,Mangaan,14
https://data.omgeving.vlaanderen.be/id/concept/csor/variabele/V_349,Vanadium,12
https://data.omgeving.vlaanderen.be/id/concept/csor/variabele/V_330,Barium,12
https://data.omgeving.vlaanderen.be/id/concept/csor/variabele/V_764,Kalium,12
https://data.omgeving.vlaanderen.be/id/concept/csor/variabele/V_328,Antimoon,12
https://data.omgeving.vlaanderen.be/id/concept/csor/variabele/V_321,Ammonium,11
https://data.omgeving.vlaanderen.be/id/concept/csor/variabele/V_348,Thallium,11
https://data.omgeving.vlaanderen.be/id/concept/csor/variabele/V_231,Stikstof,11
https://data.omgeving.vlaanderen.be/id/concept/csor/variabele/V_343,Molybdeen,11
https://data.omgeving.vlaanderen.be/id/concept/csor/variabele/V_338,Kobalt,11
https://data.omgeving.vlaanderen.be/id/concept/csor/variabele/V_246,Chloride,11
https://data.omgeving.vlaanderen.be/id/concept/csor/variabele/V_118,Benzo(a)pyreen,10
https://data.omgeving.vlaanderen.be/id/concept/csor/variabele/V_345,Seleen,10
https://data.omgeving.vlaanderen.be/id/concept/csor/variabele/V_763,Natrium,10
https://data.omgeving.vlaanderen.be/id/concept/csor/variabele/V_346,Silicium,10
https://data.omgeving.vlaanderen.be/id/concept/csor/variabele/V_175,Tin,10
https://data.omgeving.vlaanderen.be/id/concept/csor/variabele/V_125,Fluorantheen,10
https://data.omgeving.vlaanderen.be/id/concept/csor/variabele/V_327,Aluminium,10
https://data.omgeving.vlaanderen.be/id/concept/csor/variabele/V_762,Magnesium,10
https://data.omgeving.vlaanderen.be/id/concept/csor/variabele/V_251,Sulfaat,10
https://data.omgeving.vlaanderen.be/id/concept/csor/variabele/V_109,"2,2',3,4,4',5'-Hexachloorbifenyl (PCB138)",9
https://data.omgeving.vlaanderen.be/id/concept/csor/variabele/V_122,Chryseen,9
https://data.omgeving.vlaanderen.be/id/concept/csor/variabele/V_129,Pyreen,9
https://data.omgeving.vlaanderen.be/id/concept/csor/variabele/V_107,"2,2',4,5,5'-Pentachloorbifenyl (PCB101)",9
https://data.omgeving.vlaanderen.be/id/concept/csor/variabele/V_121,Benzo(k)fluorantheen,9
https://data.omgeving.vlaanderen.be/id/concept/csor/variabele/V_111,"2,2',3,4,4',5,5'-Heptachloorbifenyl (PCB180)",9
https://data.omgeving.vlaanderen.be/id/concept/csor/variabele/V_113,"2,2',5,5'-Tetrachloorbifenyl (PCB52)",9
https://data.omgeving.vlaanderen.be/id/concept/csor/variabele/V_108,"2,3',4,4',5-Pentachloorbifenyl (PCB118)",9
https://data.omgeving.vlaanderen.be/id/concept/csor/variabele/V_117,Benzo(a)anthraceen,9
https://data.omgeving.vlaanderen.be/id/concept/csor/variabele/V_247,Nitraat,9
https://data.omgeving.vlaanderen.be/id/concept/csor/variabele/V_350,Zilver,9
https://data.omgeving.vlaanderen.be/id/concept/csor/variabele/V_119,Benzo(b)fluorantheen,9
https://data.omgeving.vlaanderen.be/id/concept/csor/variabele/V_110,"2,2',4,4',5,5'-Hexachloorbifenyl (PCB153)",9
https://data.omgeving.vlaanderen.be/id/concept/csor/variabele/V_249,Orthofosfaat,9
https://data.omgeving.vlaanderen.be/id/concept/csor/variabele/V_420,Organohalogenen,9
https://data.omgeving.vlaanderen.be/id/concept/csor/variabele/V_120,"Benzo(g,h,i)peryleen",9
https://data.omgeving.vlaanderen.be/id/concept/csor/variabele/V_123,"Dibenzo(a,h)anthraceen",9
https://data.omgeving.vlaanderen.be/id/concept/csor/variabele/V_112,"2,4,4'-Trichloorbifenyl (PCB28)",9
https://data.omgeving.vlaanderen.be/id/concept/csor/variabele/V_1361,10:2 fluortelomeersulfonzuur (10:2 FTS),9
https://data.omgeving.vlaanderen.be/id/concept/csor/variabele/V_1380,Perfluor-4-ethylcyclohexaansulfonzuur (PFECHS),8
https://data.omgeving.vlaanderen.be/id/concept/csor/variabele/V_70,Fluoride,8
https://data.omgeving.vlaanderen.be/id/concept/csor/variabele/V_985,Perfluoroctaansulfonamide (PFOSA),8
https://data.omgeving.vlaanderen.be/id/concept/csor/variabele/V_331,Beryllium,8
https://data.omgeving.vlaanderen.be/id/concept/csor/variabele/V_1365,8:2 fluortelomeerfosfaat diester (8:2 diPAP),8
https://data.omgeving.vlaanderen.be/id/concept/csor/variabele/V_1353,Perfluoroctadecaanzuur (PFODA),8
https://data.omgeving.vlaanderen.be/id/concept/csor/variabele/V_1381,Perfluordodecaansulfonzuur (PFDoDS),8
https://data.omgeving.vlaanderen.be/id/concept/csor/variabele/V_1355,Perfluorheptaansulfonzuur (PFHpS),8
https://data.omgeving.vlaanderen.be/id/concept/csor/variabele/V_1406,Perfluorhexaansulfonamide (PFHxSA),8
https://data.omgeving.vlaanderen.be/id/concept/csor/variabele/V_1382,6:2 fluortelomeerfosfaat diester (6:2 diPAP),8
https://data.omgeving.vlaanderen.be/id/concept/csor/variabele/V_126,Fluoreen,8
https://data.omgeving.vlaanderen.be/id/concept/csor/variabele/V_1456,EFSA-PFAS,8
https://data.omgeving.vlaanderen.be/id/concept/csor/variabele/V_978,Perfluorbutaanzuur (PFBA),8
https://data.omgeving.vlaanderen.be/id/concept/csor/variabele/V_979,Perfluorpentaanzuur (PFPeA),8
https://data.omgeving.vlaanderen.be/id/concept/csor/variabele/V_116,Anthraceen,8
https://data.omgeving.vlaanderen.be/id/concept/csor/variabele/V_1362,N-methylperfluoroctaansulfonamidoazijnzuur,8
https://data.omgeving.vlaanderen.be/id/concept/csor/variabele/V_663,Telluur,8
https://data.omgeving.vlaanderen.be/id/concept/csor/variabele/V_964,Perfluoroctaanzuur (PFOA),8
https://data.omgeving.vlaanderen.be/id/concept/csor/variabele/V_1403,Perfluorbutaansulfonamide (PFBSA),8
https://data.omgeving.vlaanderen.be/id/concept/csor/variabele/V_966,Perfluordecaanzuur (PFDA),8
https://data.omgeving.vlaanderen.be/id/concept/csor/variabele/V_124,Fenantreen,8
https://data.omgeving.vlaanderen.be/id/concept/csor/variabele/V_1363,N-ethylperfluoroctaansulfonamidoazijnzuur,8
https://data.omgeving.vlaanderen.be/id/concept/csor/variabele/V_982,Perfluortetradecaanzuur (PFTeDA),8
https://data.omgeving.vlaanderen.be/id/concept/csor/variabele/V_963,Perfluorheptaanzuur (PFHpA),8
https://data.omgeving.vlaanderen.be/id/concept/csor/variabele/V_981,Perfluordodecaanzuur (PFDoDA),8
https://data.omgeving.vlaanderen.be/id/concept/csor/variabele/V_336,"Chroom, zeswaardig",8
https://data.omgeving.vlaanderen.be/id/concept/csor/variabele/V_114,Acenafteen,8
https://data.omgeving.vlaanderen.be/id/concept/csor/variabele/V_1407,"4,8-dioxa-3H-perfluornonaanzuur (DONA)",8
https://data.omgeving.vlaanderen.be/id/concept/csor/variabele/V_127,"Indeno(1,2,3-cd)pyreen",8
https://data.omgeving.vlaanderen.be/id/concept/csor/variabele/V_984,Perfluorhexaansulfonzuur (PFHxS),8
https://data.omgeving.vlaanderen.be/id/concept/csor/variabele/V_977,Perfluorhexaanzuur (PFHxA),8
https://data.omgeving.vlaanderen.be/id/concept/csor/variabele/V_1383,6:2/8:2 Fluortelomeerfosfaat diester,8
https://data.omgeving.vlaanderen.be/id/concept/csor/variabele/V_115,Acenaftyleen,8
https://data.omgeving.vlaanderen.be/id/concept/csor/variabele/V_983,Perfluorbutaansulfonzuur (PFBS),8
https://data.omgeving.vlaanderen.be/id/concept/csor/variabele/V_128,Naftaleen,8
https://data.omgeving.vlaanderen.be/id/concept/csor/variabele/V_1085,Perfluordecaansulfonzuur (PFDS),8
https://data.omgeving.vlaanderen.be/id/concept/csor/variabele/V_1336,"2,3,3,3-tetrafluor-2(heptafluorpropoxy)propionzuur",8
https://data.omgeving.vlaanderen.be/id/concept/csor/variabele/V_965,Perfluornonaanzuur (PFNA),8
https://data.omgeving.vlaanderen.be/id/concept/csor/variabele/V_1404,N-methylperfluorbutaansulfonamide (MePFBSA),8
https://data.omgeving.vlaanderen.be/id/concept/csor/variabele/V_962,Perfluoroctaansulfonzuur (PFOS),8
https://data.omgeving.vlaanderen.be/id/concept/csor/variabele/V_1395,N-ethylperfluoroctaan-1-sulfonamide (EtPFOSA),8
https://data.omgeving.vlaanderen.be/id/concept/csor/variabele/V_1405,N-methylperfluorbutaansulfonamidoazijnzuur,8
https://data.omgeving.vlaanderen.be/id/concept/csor/variabele/V_1354,Perfluorpentaansulfonzuur (PFPeS),8
https://data.omgeving.vlaanderen.be/id/concept/csor/variabele/V_1352,Perfluorhexadecaanzuur (PFHxDA),8
https://data.omgeving.vlaanderen.be/id/concept/csor/variabele/V_1240,Perfluortridecaanzuur (PFTrDA),8
https://data.omgeving.vlaanderen.be/id/concept/csor/variabele/V_1358,4:2 fluortelomeersulfonzuur (4:2 FTS),8
https://data.omgeving.vlaanderen.be/id/concept/csor/variabele/V_1364,N-methylperfluoroctaan-1-sulfonamide (MePFOSA),8
https://data.omgeving.vlaanderen.be/id/concept/csor/variabele/V_1378,Perfluornonaansulfonzuur (PFNS),8
https://data.omgeving.vlaanderen.be/id/concept/csor/variabele/V_980,Perfluorundecaanzuur (PFUnDA),8
https://data.omgeving.vlaanderen.be/id/concept/csor/variabele/V_1367,Totaal perfluoroctaansulfonzuur (lineair+vertakt),7
https://data.omgeving.vlaanderen.be/id/concept/csor/variabele/V_1368,Totaal perfluoroctaanzuur (lineair + vertakt),7
https://data.omgeving.vlaanderen.be/id/concept/csor/variabele/V_1433,Totaal perfluoroctaansulfonamide (lineair+vertakt),7
https://data.omgeving.vlaanderen.be/id/concept/csor/variabele/V_667,Uranium,7
https://data.omgeving.vlaanderen.be/id/concept/csor/variabele/V_975,Palladium,7
https://data.omgeving.vlaanderen.be/id/concept/csor/variabele/V_1360,8:2 fluortelomeersulfonzuur (8:2 FTS),7
https://data.omgeving.vlaanderen.be/id/concept/csor/variabele/V_1359,6:2 fluortelomeersulfonzuur (6:2 FTS),7
https://data.omgeving.vlaanderen.be/id/concept/csor/variabele/V_1434,Totaal N-methylperfluoroctaansulfonamide (lin+ver),7
https://data.omgeving.vlaanderen.be/id/concept/csor/variabele/V_248,Nitriet,7
https://data.omgeving.vlaanderen.be/id/concept/csor/variabele/V_1409,Perfluor-1-tridecaansulfonzuur (PFTrS),7
https://data.omgeving.vlaanderen.be/id/concept/csor/variabele/V_1435,Totaal N-ethylperfluoroctaansulfonamide (lin+vert),7
https://data.omgeving.vlaanderen.be/id/concept/csor/variabele/V_309,Zuurstof,7
https://data.omgeving.vlaanderen.be/id/concept/csor/variabele/V_1408,Perfluor-1-undecaansulfonzuur (PFUnS),7
https://data.omgeving.vlaanderen.be/id/concept/csor/variabele/V_332,Boor,7
https://data.omgeving.vlaanderen.be/id/concept/csor/variabele/V_1436,Totaal perfluorhexaansulfonzuur (lineair+vertakt),7
https://data.omgeving.vlaanderen.be/id/concept/csor/variabele/V_702,"cis-1,2-Dichlooretheen",6
https://data.omgeving.vlaanderen.be/id/concept/csor/variabele/V_672,Lithium,6
https://data.omgeving.vlaanderen.be/id/concept/csor/variabele/V_385,Hexachloorbenzeen,6
https://data.omgeving.vlaanderen.be/id/concept/csor/variabele/V_504,"1,2-Dichloorethaan",6
https://data.omgeving.vlaanderen.be/id/concept/csor/variabele/V_334,Cerium,6
https://data.omgeving.vlaanderen.be/id/concept/csor/variabele/V_225,Platina,6
https://data.omgeving.vlaanderen.be/id/concept/csor/variabele/V_391,gamma-Hexachloorcyclohexaan,6
https://data.omgeving.vlaanderen.be/id/concept/csor/variabele/V_386,Hexachloorbutadieen,6
https://data.omgeving.vlaanderen.be/id/concept/csor/variabele/V_786,pH,6
https://data.omgeving.vlaanderen.be/id/concept/csor/variabele/V_37,Octachloordibenzofuraan,6
https://data.omgeving.vlaanderen.be/id/concept/csor/variabele/V_562,Trichlooretheen,6
https://data.omgeving.vlaanderen.be/id/concept/csor/variabele/V_403,pp'Dichloordifenyltrichloorethaan,6
https://data.omgeving.vlaanderen.be/id/concept/csor/variabele/V_347,Strontium,6
https://data.omgeving.vlaanderen.be/id/concept/csor/variabele/V_80,"2,3,3',4,4',5-Hexachloorbifenyl (PCB156)",6
https://data.omgeving.vlaanderen.be/id/concept/csor/variabele/V_74,Zirkonium,6
https://data.omgeving.vlaanderen.be/id/concept/csor/variabele/V_707,"trans-1,2-Dichlooretheen",6
https://data.omgeving.vlaanderen.be/id/concept/csor/variabele/V_807,"3,3',4,4',5,5'-Hexachloorbifenyl (PCB169)",6
https://data.omgeving.vlaanderen.be/id/concept/csor/variabele/V_402,pp'Dichloordifenyldichlooretheen,6
https://data.omgeving.vlaanderen.be/id/concept/csor/variabele/V_773,Pentachloorbenzeen,6
https://data.omgeving.vlaanderen.be/id/concept/csor/variabele/V_435,"1,1-Dichloorethaan",6
https://data.omgeving.vlaanderen.be/id/concept/csor/variabele/V_1402,Perfluorpentadecaanzuur (PFPeDA),6
https://data.omgeving.vlaanderen.be/id/concept/csor/variabele/V_597,Vinylchloride,6
https://data.omgeving.vlaanderen.be/id/concept/csor/variabele/V_373,Aldrin,6
https://data.omgeving.vlaanderen.be/id/concept/csor/variabele/V_19,"2,3,3',4,4'-Pentachloorbifenyl (PCB105)",6
https://data.omgeving.vlaanderen.be/id/concept/csor/variabele/V_565,Trichloormethaan,6
https://data.omgeving.vlaanderen.be/id/concept/csor/variabele/V_557,Dichloormethaan,6
https://data.omgeving.vlaanderen.be/id/concept/csor/variabele/V_810,bis-(2-ethylhexyl)-ftalaat,6
https://data.omgeving.vlaanderen.be/id/concept/csor/variabele/V_1457,Perfluor-n-propaanzuur,6
https://data.omgeving.vlaanderen.be/id/concept/csor/variabele/V_376,Dieldrin,6
https://data.omgeving.vlaanderen.be/id/concept/csor/variabele/V_380,Endrin,6
https://data.omgeving.vlaanderen.be/id/concept/csor/variabele/V_432,"1,1,1-Trichloorethaan",6
https://data.omgeving.vlaanderen.be/id/concept/csor/variabele/V_1459,Trifluorazijnzuur,6
https://data.omgeving.vlaanderen.be/id/concept/csor/variabele/V_595,cis-Chloordaan,6
https://data.omgeving.vlaanderen.be/id/concept/csor/variabele/V_434,"1,1,2-Trichloorethaan",6
https://data.omgeving.vlaanderen.be/id/concept/csor/variabele/V_382,Heptachloor,6
https://data.omgeving.vlaanderen.be/id/concept/csor/variabele/V_397,op'Dichloordifenyldichlooretheen,5
https://data.omgeving.vlaanderen.be/id/concept/csor/variabele/V_81,"2,3,3',4,4',5'-Hexachloorbifenyl (PCB157)",5
https://data.omgeving.vlaanderen.be/id/concept/csor/variabele/V_1473,"2,2,3,3-Tetrafluorpropaanzuur",5
https://data.omgeving.vlaanderen.be/id/concept/csor/variabele/V_525,"2,3,7,8-Tetrachloordibenzo-para-dioxine",5
https://data.omgeving.vlaanderen.be/id/concept/csor/variabele/V_436,"1,1-Dichlooretheen",5
https://data.omgeving.vlaanderen.be/id/concept/csor/variabele/V_1293,Goud,5
https://data.omgeving.vlaanderen.be/id/concept/csor/variabele/V_559,Tetrachlooretheen,5
https://data.omgeving.vlaanderen.be/id/concept/csor/variabele/V_626,"1,2-Dibroomethaan",5
https://data.omgeving.vlaanderen.be/id/concept/csor/variabele/V_1474,"2,3,3,3-Tetrafluorpropaanzuur",5
https://data.omgeving.vlaanderen.be/id/concept/csor/variabele/V_502,"1,2,4-Trichloorbenzeen",5
https://data.omgeving.vlaanderen.be/id/concept/csor/variabele/V_44,"3,3',4,4',5-Pentachloorbifenyl (PCB126)",5
https://data.omgeving.vlaanderen.be/id/concept/csor/variabele/V_677,Bromide,5
https://data.omgeving.vlaanderen.be/id/concept/csor/variabele/V_910,"Apolaire koolwaterstoffen, fractie C10-C12",5
https://data.omgeving.vlaanderen.be/id/concept/csor/variabele/V_503,"1,2-Dichloorbenzeen",5
https://data.omgeving.vlaanderen.be/id/concept/csor/variabele/V_42,"1,2,3,4,6,7,8-Heptachloordibenzo-para-dioxine",5
https://data.omgeving.vlaanderen.be/id/concept/csor/variabele/V_357,Benzeen,5
https://data.omgeving.vlaanderen.be/id/concept/csor/variabele/V_36,"1,2,3,4,7,8,9-Heptachloordibenzofuraan",5
https://data.omgeving.vlaanderen.be/id/concept/csor/variabele/V_437,"1,1,1,2-Tetrachloorethaan",5
https://data.omgeving.vlaanderen.be/id/concept/csor/variabele/V_509,"1,3-Dichloorbenzeen",5
https://data.omgeving.vlaanderen.be/id/concept/csor/variabele/V_1294,Bismut,5
https://data.omgeving.vlaanderen.be/id/concept/csor/variabele/V_771,"1,2,3,4-Tetrachloorbenzeen",5
https://data.omgeving.vlaanderen.be/id/concept/csor/variabele/V_40,"1,2,3,6,7,8-Hexachloordibenzo-para-dioxine",5
https://data.omgeving.vlaanderen.be/id/concept/csor/variabele/V_79,"2,3,4,4',5-Pentachloorbifenyl (PCB114)",5
https://data.omgeving.vlaanderen.be/id/concept/csor/variabele/V_1458,Perfluor-n-propaansulfonzuur,5
https://data.omgeving.vlaanderen.be/id/concept/csor/variabele/V_43,Octachloordibenzo-para-dioxine,5
https://data.omgeving.vlaanderen.be/id/concept/csor/variabele/V_561,Tribroommethaan,5
https://data.omgeving.vlaanderen.be/id/concept/csor/variabele/V_244,Bicarbonaat,5
https://data.omgeving.vlaanderen.be/id/concept/csor/variabele/V_84,"2',3,4,4',5-Pentachloorbifenyl (PCB123)",5
https://data.omgeving.vlaanderen.be/id/concept/csor/variabele/V_366,Styreen,5
https://data.omgeving.vlaanderen.be/id/concept/csor/variabele/V_913,"Apolaire koolwaterstoffen, fractie C30-C40",5
https://data.omgeving.vlaanderen.be/id/concept/csor/variabele/V_513,"1,4-Dichloorbenzeen",5
https://data.omgeving.vlaanderen.be/id/concept/csor/variabele/V_388,beta-Hexachloorcyclohexaan,5
https://data.omgeving.vlaanderen.be/id/concept/csor/variabele/V_685,Fenolen,5
https://data.omgeving.vlaanderen.be/id/concept/csor/variabele/V_1396,6:2 fluortelomeerfosfaat monoester (6:2 PAP),5
https://data.omgeving.vlaanderen.be/id/concept/csor/variabele/V_281,Daphnia magna,5
https://data.omgeving.vlaanderen.be/id/concept/csor/variabele/V_30,"2,3,4,7,8-Pentachloordibenzofuraan",5
https://data.omgeving.vlaanderen.be/id/concept/csor/variabele/V_85,"2,3,3',4,4',5,5'-Heptachloorbifenyl (PCB189)",5
https://data.omgeving.vlaanderen.be/id/concept/csor/variabele/V_625,Zwavel,5
https://data.omgeving.vlaanderen.be/id/concept/csor/variabele/V_237,Xylenen (o+m+p),5
https://data.omgeving.vlaanderen.be/id/concept/csor/variabele/V_33,"1,2,3,7,8,9-Hexachloordibenzofuraan",5
https://data.omgeving.vlaanderen.be/id/concept/csor/variabele/V_78,"3,4,4',5-Tetrachloorbifenyl (PCB81)",5
https://data.omgeving.vlaanderen.be/id/concept/csor/variabele/V_1398,Perfluoroctaansulfonamidoazijnzuur (PFOSAA),5
https://data.omgeving.vlaanderen.be/id/concept/csor/variabele/V_82,"2,3',4,4',5,5'-Hexachloorbifenyl (PCB167)",5
https://data.omgeving.vlaanderen.be/id/concept/csor/variabele/V_1397,8:2 fluortelomeerfosfaat monoester (8:2 PAP),5
https://data.omgeving.vlaanderen.be/id/concept/csor/variabele/V_38,"1,2,3,7,8-Pentachloordibenzo-para-dioxine",5
https://data.omgeving.vlaanderen.be/id/concept/csor/variabele/V_29,"1,2,3,7,8-Pentachloordibenzofuraan",5
https://data.omgeving.vlaanderen.be/id/concept/csor/variabele/V_709,2-Methylfenol,5
https://data.omgeving.vlaanderen.be/id/concept/csor/variabele/V_83,"3,3',4,4'-Tetrachloorbifenyl (PCB77)",5
https://data.omgeving.vlaanderen.be/id/concept/csor/variabele/V_560,Tetrachloormethaan,5
https://data.omgeving.vlaanderen.be/id/concept/csor/variabele/V_130,Screening,5
https://data.omgeving.vlaanderen.be/id/concept/csor/variabele/V_32,"1,2,3,6,7,8-Hexachloordibenzofuraan",5
https://data.omgeving.vlaanderen.be/id/concept/csor/variabele/V_408,Atrazine,5
https://data.omgeving.vlaanderen.be/id/concept/csor/variabele/V_911,"Apolaire koolwaterstoffen, fractie C12-C20",5
https://data.omgeving.vlaanderen.be/id/concept/csor/variabele/V_363,ortho-Xyleen,5
https://data.omgeving.vlaanderen.be/id/concept/csor/variabele/V_253,Sulfide,5
https://data.omgeving.vlaanderen.be/id/concept/csor/variabele/V_358,Ethylbenzeen,5
https://data.omgeving.vlaanderen.be/id/concept/csor/variabele/V_367,Tolueen,5
https://data.omgeving.vlaanderen.be/id/concept/csor/variabele/V_1476,Trifluormethaansulfonzuur,5
https://data.omgeving.vlaanderen.be/id/concept/csor/variabele/V_39,"1,2,3,4,7,8-Hexachloordibenzo-para-dioxine",5
https://data.omgeving.vlaanderen.be/id/concept/csor/variabele/V_379,Endosulfansulfaat,5
https://data.omgeving.vlaanderen.be/id/concept/csor/variabele/V_387,alfa-Hexachloorcyclohexaan,5
https://data.omgeving.vlaanderen.be/id/concept/csor/variabele/V_389,delta-Hexachloorcyclohexaan,5
https://data.omgeving.vlaanderen.be/id/concept/csor/variabele/V_35,"1,2,3,4,6,7,8-Heptachloordibenzofuraan",5
https://data.omgeving.vlaanderen.be/id/concept/csor/variabele/V_691,Fenol,5
https://data.omgeving.vlaanderen.be/id/concept/csor/variabele/V_912,"Apolaire koolwaterstoffen, fractie C20-C30",5
https://data.omgeving.vlaanderen.be/id/concept/csor/variabele/V_433,"1,1,2,2-Tetrachloorethaan",5
https://data.omgeving.vlaanderen.be/id/concept/csor/variabele/V_28,"2,3,7,8-Tetrachloordibenzofuraan",5
https://data.omgeving.vlaanderen.be/id/concept/csor/variabele/V_670,Wolfraam,5
https://data.omgeving.vlaanderen.be/id/concept/csor/variabele/V_812,Di-n-butylftalaat,5
https://data.omgeving.vlaanderen.be/id/concept/csor/variabele/V_1475,Perfluorethaansulfonzuur (PFES),5
https://data.omgeving.vlaanderen.be/id/concept/csor/variabele/V_41,"1,2,3,7,8,9-Hexachloordibenzo-para-dioxine",5
https://data.omgeving.vlaanderen.be/id/concept/csor/variabele/V_811,Butylbenzylftalaat,5
https://data.omgeving.vlaanderen.be/id/concept/csor/variabele/V_401,pp'Dichloordifenyldichloorethaan,5
https://data.omgeving.vlaanderen.be/id/concept/csor/variabele/V_383,cis-Heptachloorepoxyde,5
https://data.omgeving.vlaanderen.be/id/concept/csor/variabele/V_552,Chloorbenzeen,5
https://data.omgeving.vlaanderen.be/id/concept/csor/variabele/V_424,Chemisch zuurstofverbruik,5
https://data.omgeving.vlaanderen.be/id/concept/csor/variabele/V_31,"1,2,3,4,7,8-Hexachloordibenzofuraan",5
https://data.omgeving.vlaanderen.be/id/concept/csor/variabele/V_396,op'Dichloordifenyldichloorethaan,5
https://data.omgeving.vlaanderen.be/id/concept/csor/variabele/V_569,Azinfos-ethyl,4
https://data.omgeving.vlaanderen.be/id/concept/csor/variabele/V_519,"2,3,4,5-Tetrachloorfenol",4
https://data.omgeving.vlaanderen.be/id/concept/csor/variabele/V_1499,Cyclohexanon,4
https://data.omgeving.vlaanderen.be/id/concept/csor/variabele/V_601,Broombenzeen,4
https://data.omgeving.vlaanderen.be/id/concept/csor/variabele/V_648,Parathion-methyl,4
https://data.omgeving.vlaanderen.be/id/concept/csor/variabele/V_506,"1,2-Dichloorpropaan",4
https://data.omgeving.vlaanderen.be/id/concept/csor/variabele/V_654,Aceton,4
https://data.omgeving.vlaanderen.be/id/concept/csor/variabele/V_154,Dicofol,4
https://data.omgeving.vlaanderen.be/id/concept/csor/variabele/V_570,Azinfos-methyl,4
https://data.omgeving.vlaanderen.be/id/concept/csor/variabele/V_735,n-Octaan,4
https://data.omgeving.vlaanderen.be/id/concept/csor/variabele/V_673,3-Methylfenol,4
https://data.omgeving.vlaanderen.be/id/concept/csor/variabele/V_1327,"Chroom, driewaardig",4
https://data.omgeving.vlaanderen.be/id/concept/csor/variabele/V_34,"2,3,4,6,7,8-Hexachloordibenzofuraan",4
https://data.omgeving.vlaanderen.be/id/concept/csor/variabele/V_574,Fenitrothion,4
https://data.omgeving.vlaanderen.be/id/concept/csor/variabele/V_501,"1,2,3-Trichloorpropaan",4
https://data.omgeving.vlaanderen.be/id/concept/csor/variabele/V_820,Ethanol,4
https://data.omgeving.vlaanderen.be/id/concept/csor/variabele/V_658,"1,4-Dioxaan",4
https://data.omgeving.vlaanderen.be/id/concept/csor/variabele/V_600,Broomchloormethaan,4
https://data.omgeving.vlaanderen.be/id/concept/csor/variabele/V_534,2-Chloorfenol,4
https://data.omgeving.vlaanderen.be/id/concept/csor/variabele/V_362,Nitrobenzeen,4
https://data.omgeving.vlaanderen.be/id/concept/csor/variabele/V_824,Methyl-tert.butylether,4
https://data.omgeving.vlaanderen.be/id/concept/csor/variabele/V_325,"Natrium, éénwaardig",4
https://data.omgeving.vlaanderen.be/id/concept/csor/variabele/V_1751,Waterstofsulfide,4
https://data.omgeving.vlaanderen.be/id/concept/csor/variabele/V_512,"trans-1,3-Dichloorpropeen",4
https://data.omgeving.vlaanderen.be/id/concept/csor/variabele/V_548,Broomdichloormethaan,4
https://data.omgeving.vlaanderen.be/id/concept/csor/variabele/V_573,Disulfoton,4
https://data.omgeving.vlaanderen.be/id/concept/csor/variabele/V_974,n-Propanol,4
https://data.omgeving.vlaanderen.be/id/concept/csor/variabele/V_642,Difenyl,4
https://data.omgeving.vlaanderen.be/id/concept/csor/variabele/V_511,"cis-1,3-Dichloorpropeen",4
https://data.omgeving.vlaanderen.be/id/concept/csor/variabele/V_537,"3,4-Dichloorfenol",4
https://data.omgeving.vlaanderen.be/id/concept/csor/variabele/V_726,Parathion-ethyl,4
https://data.omgeving.vlaanderen.be/id/concept/csor/variabele/V_1062,Benzo(j)fluorantheen,4
https://data.omgeving.vlaanderen.be/id/concept/csor/variabele/V_589,"1,2,3-Trimethylbenzeen",4
https://data.omgeving.vlaanderen.be/id/concept/csor/variabele/V_282,Di-n-octylftalaat,4
https://data.omgeving.vlaanderen.be/id/concept/csor/variabele/V_239,"Hexachloorcyclohexaan, alle isomeren",4
https://data.omgeving.vlaanderen.be/id/concept/csor/variabele/V_510,"1,3-Dichloorpropaan",4
https://data.omgeving.vlaanderen.be/id/concept/csor/variabele/V_644,Fenthion,4
https://data.omgeving.vlaanderen.be/id/concept/csor/variabele/V_602,Dibroommethaan,4
https://data.omgeving.vlaanderen.be/id/concept/csor/variabele/V_1126,Minerale olie C10-C40,4
https://data.omgeving.vlaanderen.be/id/concept/csor/variabele/V_545,4-Chloor-3-methylfenol,4
https://data.omgeving.vlaanderen.be/id/concept/csor/variabele/V_715,Bromofos-methyl,4
https://data.omgeving.vlaanderen.be/id/concept/csor/variabele/V_536,"3,4,5-Trichloorfenol",4
https://data.omgeving.vlaanderen.be/id/concept/csor/variabele/V_1466,Totaal N-methylperfluoroctaansulfonamidoazijnzuur,4
https://data.omgeving.vlaanderen.be/id/concept/csor/variabele/V_675,2-Ethylfenol,4
https://data.omgeving.vlaanderen.be/id/concept/csor/variabele/V_614,"Polychloorbifenyl, totaal",4
https://data.omgeving.vlaanderen.be/id/concept/csor/variabele/V_609,Trifluralin,4
https://data.omgeving.vlaanderen.be/id/concept/csor/variabele/V_840,Bisfenol-A,4
https://data.omgeving.vlaanderen.be/id/concept/csor/variabele/V_884,Asbest,4
https://data.omgeving.vlaanderen.be/id/concept/csor/variabele/V_554,Chloormethaan,4
https://data.omgeving.vlaanderen.be/id/concept/csor/variabele/V_232,Xylenen (m+p),4
https://data.omgeving.vlaanderen.be/id/concept/csor/variabele/V_415,Linuron,4
https://data.omgeving.vlaanderen.be/id/concept/csor/variabele/V_669,Indium,4
https://data.omgeving.vlaanderen.be/id/concept/csor/variabele/V_236,Trichloorbenzenen,4
https://data.omgeving.vlaanderen.be/id/concept/csor/variabele/V_802,Simazine,4
https://data.omgeving.vlaanderen.be/id/concept/csor/variabele/V_500,"1,2,3-Trichloorbenzeen",4
https://data.omgeving.vlaanderen.be/id/concept/csor/variabele/V_567,Dichloorvos,4
https://data.omgeving.vlaanderen.be/id/concept/csor/variabele/V_856,"2,4+2,5-Dichloorfenol",4
https://data.omgeving.vlaanderen.be/id/concept/csor/variabele/V_521,"2,3,4-Trichloorfenol",4
https://data.omgeving.vlaanderen.be/id/concept/csor/variabele/V_234,Polyaromatische KWS (16 EPA),4
https://data.omgeving.vlaanderen.be/id/concept/csor/variabele/V_530,"2,6-Dichloorfenol",4
https://data.omgeving.vlaanderen.be/id/concept/csor/variabele/V_1539,Butylglycol,4
https://data.omgeving.vlaanderen.be/id/concept/csor/variabele/V_631,Chloorethaan,4
https://data.omgeving.vlaanderen.be/id/concept/csor/variabele/V_585,Ethylacetaat,4
https://data.omgeving.vlaanderen.be/id/concept/csor/variabele/V_1125,Minerale olie C6-C10,4
https://data.omgeving.vlaanderen.be/id/concept/csor/variabele/V_703,Volume,4
https://data.omgeving.vlaanderen.be/id/concept/csor/variabele/V_297,Droogrest,4
https://data.omgeving.vlaanderen.be/id/concept/csor/variabele/V_1467,Totaal N-ethylperfluoroctaansulfonamidoazijnzuur,4
https://data.omgeving.vlaanderen.be/id/concept/csor/variabele/V_801,Propazine,4
https://data.omgeving.vlaanderen.be/id/concept/csor/variabele/V_1454,Som van de 31 kwantificeerbare PFAS,4
https://data.omgeving.vlaanderen.be/id/concept/csor/variabele/V_399,Pentachloorfenol,4
https://data.omgeving.vlaanderen.be/id/concept/csor/variabele/V_423,Biochemisch zuurstofverbruik na 5d.,4
https://data.omgeving.vlaanderen.be/id/concept/csor/variabele/V_495,Formaldehyde,4
https://data.omgeving.vlaanderen.be/id/concept/csor/variabele/V_873,Hexabroomcyclododecaan,4
https://data.omgeving.vlaanderen.be/id/concept/csor/variabele/V_365,Isopropylbenzeen,4
https://data.omgeving.vlaanderen.be/id/concept/csor/variabele/V_322,"Calcium, tweewaardig",4
https://data.omgeving.vlaanderen.be/id/concept/csor/variabele/V_392,Isodrin,4
https://data.omgeving.vlaanderen.be/id/concept/csor/variabele/V_714,Bromofos-ethyl,4
https://data.omgeving.vlaanderen.be/id/concept/csor/variabele/V_507,"1,3,5-Trichloorbenzeen",4
https://data.omgeving.vlaanderen.be/id/concept/csor/variabele/V_821,Pyridine,4
https://data.omgeving.vlaanderen.be/id/concept/csor/variabele/V_1668,PAK benzo(b+j+k)fluorantheen,4
https://data.omgeving.vlaanderen.be/id/concept/csor/variabele/V_679,4-Methylfenol,4
https://data.omgeving.vlaanderen.be/id/concept/csor/variabele/V_324,"Magnesium, tweewaardig",4
https://data.omgeving.vlaanderen.be/id/concept/csor/variabele/V_973,2-Butanol,4
https://data.omgeving.vlaanderen.be/id/concept/csor/variabele/V_860,Geleidbaarheid (25°C),4
https://data.omgeving.vlaanderen.be/id/concept/csor/variabele/V_1518,Bisfenol-AF,4
https://data.omgeving.vlaanderen.be/id/concept/csor/variabele/V_717,Chloorpyrifos-methyl,4
https://data.omgeving.vlaanderen.be/id/concept/csor/variabele/V_783,Terbutryn,4
https://data.omgeving.vlaanderen.be/id/concept/csor/variabele/V_377,alfa-Endosulfan,4
https://data.omgeving.vlaanderen.be/id/concept/csor/variabele/V_1624,9-chloorhexadecafluor-3-oxanonaan-1-sulfonzuur,4
https://data.omgeving.vlaanderen.be/id/concept/csor/variabele/V_800,Terbutylazine,4
https://data.omgeving.vlaanderen.be/id/concept/csor/variabele/V_787,Geleidbaarheid (20°C),4
https://data.omgeving.vlaanderen.be/id/concept/csor/variabele/V_805,Prometryn,4
https://data.omgeving.vlaanderen.be/id/concept/csor/variabele/V_538,"3,5-Dichloorfenol",4
https://data.omgeving.vlaanderen.be/id/concept/csor/variabele/V_468,Benzo(e)pyreen,4
https://data.omgeving.vlaanderen.be/id/concept/csor/variabele/V_539,3-Chloorfenol,4
https://data.omgeving.vlaanderen.be/id/concept/csor/variabele/V_594,trans-Chloordaan,4
https://data.omgeving.vlaanderen.be/id/concept/csor/variabele/V_772,"1,2,3,5-Tetrachloorbenzeen",4
https://data.omgeving.vlaanderen.be/id/concept/csor/variabele/V_768,Alachloor,4
https://data.omgeving.vlaanderen.be/id/concept/csor/variabele/V_590,Propylbenzeen,4
https://data.omgeving.vlaanderen.be/id/concept/csor/variabele/V_378,beta-Endosulfan,4
https://data.omgeving.vlaanderen.be/id/concept/csor/variabele/V_588,"1,2,4-Trimethylbenzeen",4
https://data.omgeving.vlaanderen.be/id/concept/csor/variabele/V_283,Diethylftalaat,4
https://data.omgeving.vlaanderen.be/id/concept/csor/variabele/V_405,Telodrin,4
https://data.omgeving.vlaanderen.be/id/concept/csor/variabele/V_535,2-Chloortolueen,4
https://data.omgeving.vlaanderen.be/id/concept/csor/variabele/V_524,"2,3,6-Trichloorfenol",4
https://data.omgeving.vlaanderen.be/id/concept/csor/variabele/V_526,"2,3-Dichloorfenol",4
https://data.omgeving.vlaanderen.be/id/concept/csor/variabele/V_528,"2,4,6-Trichloorfenol",4
https://data.omgeving.vlaanderen.be/id/concept/csor/variabele/V_774,"1,2,4,5-Tetrachloorbenzeen",4
https://data.omgeving.vlaanderen.be/id/concept/csor/variabele/V_719,Diazinon,4
https://data.omgeving.vlaanderen.be/id/concept/csor/variabele/V_683,"2,6-Dimethylfenol",4
https://data.omgeving.vlaanderen.be/id/concept/csor/variabele/V_323,"Kalium, éénwaardig",4
https://data.omgeving.vlaanderen.be/id/concept/csor/variabele/V_546,4-Chloorfenol,4
https://data.omgeving.vlaanderen.be/id/concept/csor/variabele/V_598,"1,1-Dichloorpropeen",4
https://data.omgeving.vlaanderen.be/id/concept/csor/variabele/V_553,"1,2-Dibroom-3-chloorpropaan",4
https://data.omgeving.vlaanderen.be/id/concept/csor/variabele/V_384,trans-Heptachloorepoxyde,4
https://data.omgeving.vlaanderen.be/id/concept/csor/variabele/V_240,"Benzeen, tolueen, ethylbenzeen, xylenen",4
https://data.omgeving.vlaanderen.be/id/concept/csor/variabele/V_352,"1,3,5-Trimethylbenzeen",4
https://data.omgeving.vlaanderen.be/id/concept/csor/variabele/V_652,1-Butanol,4
https://data.omgeving.vlaanderen.be/id/concept/csor/variabele/V_769,Propachloor,4
https://data.omgeving.vlaanderen.be/id/concept/csor/variabele/V_1082,Dioxines,4
https://data.omgeving.vlaanderen.be/id/concept/csor/variabele/V_398,op'Dichloordifenyltrichloorethaan,4
https://data.omgeving.vlaanderen.be/id/concept/csor/variabele/V_374,Chloordaan,4
https://data.omgeving.vlaanderen.be/id/concept/csor/variabele/V_410,Cyanazine,4
https://data.omgeving.vlaanderen.be/id/concept/csor/variabele/V_285,Di-isobutylftalaat,4
https://data.omgeving.vlaanderen.be/id/concept/csor/variabele/V_710,3-Ethylfenol,4
https://data.omgeving.vlaanderen.be/id/concept/csor/variabele/V_671,"3,4-Dimethylfenol",4
https://data.omgeving.vlaanderen.be/id/concept/csor/variabele/V_716,Chloorpyrifos-ethyl,4
https://data.omgeving.vlaanderen.be/id/concept/csor/variabele/V_1555,11chloorperfluor-3-oxaundecaansulfonzuur,4
https://data.omgeving.vlaanderen.be/id/concept/csor/variabele/V_967,Perfluorverbindingen,3
https://data.omgeving.vlaanderen.be/id/concept/csor/variabele/V_2045,2-Pentanon,3
https://data.omgeving.vlaanderen.be/id/concept/csor/variabele/V_950,cis-Permetryn,3
https://data.omgeving.vlaanderen.be/id/concept/csor/variabele/V_412,Desisopropylatrazine,3
https://data.omgeving.vlaanderen.be/id/concept/csor/variabele/V_228,Di-isononylftalaat,3
https://data.omgeving.vlaanderen.be/id/concept/csor/variabele/V_1762,Salpeterzuur,3
https://data.omgeving.vlaanderen.be/id/concept/csor/variabele/V_636,Cresolen,3
https://data.omgeving.vlaanderen.be/id/concept/csor/variabele/V_1096,Dichlooretheen,3
https://data.omgeving.vlaanderen.be/id/concept/csor/variabele/V_1439,= PFHxStotaal - PFHxS,3
https://data.omgeving.vlaanderen.be/id/concept/csor/variabele/V_16,PAK benzo(b+k)fluorantheen (b),3
https://data.omgeving.vlaanderen.be/id/concept/csor/variabele/V_870,"2,2',4,4',5,6'-Hexabroomdifenylether (BDE154)",3
https://data.omgeving.vlaanderen.be/id/concept/csor/variabele/V_411,Desethylatrazine,3
https://data.omgeving.vlaanderen.be/id/concept/csor/variabele/V_643,Fluor,3
https://data.omgeving.vlaanderen.be/id/concept/csor/variabele/V_1319,Ytterbium,3
https://data.omgeving.vlaanderen.be/id/concept/csor/variabele/V_2037,Deltamethrin,3
https://data.omgeving.vlaanderen.be/id/concept/csor/variabele/V_54,Alifatische koolwaterstoffen,3
https://data.omgeving.vlaanderen.be/id/concept/csor/variabele/V_2231,gamma-Chloordaan,3
https://data.omgeving.vlaanderen.be/id/concept/csor/variabele/V_815,Butylacetaat,3
https://data.omgeving.vlaanderen.be/id/concept/csor/variabele/V_689,Methanol,3
https://data.omgeving.vlaanderen.be/id/concept/csor/variabele/V_730,n-Pentaan,3
https://data.omgeving.vlaanderen.be/id/concept/csor/variabele/V_241,"DDT, totaal",3
https://data.omgeving.vlaanderen.be/id/concept/csor/variabele/V_448,"2,5-Dichloornitrobenzeen",3
https://data.omgeving.vlaanderen.be/id/concept/csor/variabele/V_25,Metamitron,3
https://data.omgeving.vlaanderen.be/id/concept/csor/variabele/V_2036,Bifentrin,3
https://data.omgeving.vlaanderen.be/id/concept/csor/variabele/V_523,"2,3,5-Trichloorfenol",3
https://data.omgeving.vlaanderen.be/id/concept/csor/variabele/V_1121,Dichloorpropaan,3
https://data.omgeving.vlaanderen.be/id/concept/csor/variabele/V_989,Cypermethrin,3
https://data.omgeving.vlaanderen.be/id/concept/csor/variabele/V_2044,2-Hexanon,3
https://data.omgeving.vlaanderen.be/id/concept/csor/variabele/V_734,n-Heptaan,3
https://data.omgeving.vlaanderen.be/id/concept/csor/variabele/V_2175,"Apolaire koolwaterstoffen, fractie C6-C8",3
https://data.omgeving.vlaanderen.be/id/concept/csor/variabele/V_2209,Tetradifon,3
https://data.omgeving.vlaanderen.be/id/concept/csor/variabele/V_10,Dichloorbenzenen,3
https://data.omgeving.vlaanderen.be/id/concept/csor/variabele/V_956,Quinoxyfen,3
https://data.omgeving.vlaanderen.be/id/concept/csor/variabele/V_732,n-Hexaan,3
https://data.omgeving.vlaanderen.be/id/concept/csor/variabele/V_1438,= EtPFOSAtotaal - EtPFOSA,3
https://data.omgeving.vlaanderen.be/id/concept/csor/variabele/V_990,Ametryn,3
https://data.omgeving.vlaanderen.be/id/concept/csor/variabele/V_2107,Diethylether,3
https://data.omgeving.vlaanderen.be/id/concept/csor/variabele/V_1437,= MePFOSAtotaal - MePFOSA,3
https://data.omgeving.vlaanderen.be/id/concept/csor/variabele/V_951,trans-Permethrin,3
https://data.omgeving.vlaanderen.be/id/concept/csor/variabele/V_587,para-Isopropyltolueen,3
https://data.omgeving.vlaanderen.be/id/concept/csor/variabele/V_368,Metazachloor,3
https://data.omgeving.vlaanderen.be/id/concept/csor/variabele/V_1060,Methaan,3
https://data.omgeving.vlaanderen.be/id/concept/csor/variabele/V_849,Pyrazofos,3
https://data.omgeving.vlaanderen.be/id/concept/csor/variabele/V_863,"2,4,4'-Tribroomdifenylether (BDE28)",3
https://data.omgeving.vlaanderen.be/id/concept/csor/variabele/V_1197,Aromaten,3
https://data.omgeving.vlaanderen.be/id/concept/csor/variabele/V_2174,"Apolaire koolwaterstoffen, fractie C6-C16",3
https://data.omgeving.vlaanderen.be/id/concept/csor/variabele/V_2215,Vinylacetaat,3
https://data.omgeving.vlaanderen.be/id/concept/csor/variabele/V_2161,"Apolaire koolwaterstoffen, fractie C2-C6",3
https://data.omgeving.vlaanderen.be/id/concept/csor/variabele/V_877,Oncorhynchus mykiss,3
https://data.omgeving.vlaanderen.be/id/concept/csor/variabele/V_878,Heptachloor+epoxyde,3
https://data.omgeving.vlaanderen.be/id/concept/csor/variabele/V_864,"2,2',4,4'-Tetrabroomdifenylether (BDE47)",3
https://data.omgeving.vlaanderen.be/id/concept/csor/variabele/V_395,Methoxychloor,3
https://data.omgeving.vlaanderen.be/id/concept/csor/variabele/V_593,tert-Butylbenzeen,3
https://data.omgeving.vlaanderen.be/id/concept/csor/variabele/V_759,Etheen,3
https://data.omgeving.vlaanderen.be/id/concept/csor/variabele/V_1069,Perfluorkoolwaterstoffen,3
https://data.omgeving.vlaanderen.be/id/concept/csor/variabele/V_2181,Methylacetaat,3
https://data.omgeving.vlaanderen.be/id/concept/csor/variabele/V_555,Dibroomchloormethaan,3
https://data.omgeving.vlaanderen.be/id/concept/csor/variabele/V_591,n-Butylbenzeen,3
https://data.omgeving.vlaanderen.be/id/concept/csor/variabele/V_413,Diuron,3
https://data.omgeving.vlaanderen.be/id/concept/csor/variabele/V_353,"2,4-Dimethylfenol",3
https://data.omgeving.vlaanderen.be/id/concept/csor/variabele/V_55,"Benzo(g,h,i)fluorantheen",3
https://data.omgeving.vlaanderen.be/id/concept/csor/variabele/V_2060,4-tert-Butyltolueen,3
https://data.omgeving.vlaanderen.be/id/concept/csor/variabele/V_758,Ethaan,3
https://data.omgeving.vlaanderen.be/id/concept/csor/variabele/V_471,Carbaryl,3
https://data.omgeving.vlaanderen.be/id/concept/csor/variabele/V_830,Ethyleendiaminetetra-azijnzuur,3
https://data.omgeving.vlaanderen.be/id/concept/csor/variabele/V_67,Pseudokirchneriella subcapitata,3
https://data.omgeving.vlaanderen.be/id/concept/csor/variabele/V_920,Methylisobutylketon,3
https://data.omgeving.vlaanderen.be/id/concept/csor/variabele/V_1304,Lanthaan,3
https://data.omgeving.vlaanderen.be/id/concept/csor/variabele/V_178,Methylmethacrylaat,3
https://data.omgeving.vlaanderen.be/id/concept/csor/variabele/V_2035,Tetraline,3
https://data.omgeving.vlaanderen.be/id/concept/csor/variabele/V_767,Hexazinon,3
https://data.omgeving.vlaanderen.be/id/concept/csor/variabele/V_2134,iso-Butylbenzeen,3
https://data.omgeving.vlaanderen.be/id/concept/csor/variabele/V_637,Cumafos,3
https://data.omgeving.vlaanderen.be/id/concept/csor/variabele/V_1306,Niobium,3
https://data.omgeving.vlaanderen.be/id/concept/csor/variabele/V_9,Tetrachloorbenzenen,3
https://data.omgeving.vlaanderen.be/id/concept/csor/variabele/V_1351,= PFOAtotaal - PFOA,3
https://data.omgeving.vlaanderen.be/id/concept/csor/variabele/V_529,"2,4-Dichloorfenol",3
https://data.omgeving.vlaanderen.be/id/concept/csor/variabele/V_712,2-Isopropylfenol,3
https://data.omgeving.vlaanderen.be/id/concept/csor/variabele/V_469,Peryleen,3
https://data.omgeving.vlaanderen.be/id/concept/csor/variabele/V_287,Dimethylftalaat,3
https://data.omgeving.vlaanderen.be/id/concept/csor/variabele/V_678,Broom,3
https://data.omgeving.vlaanderen.be/id/concept/csor/variabele/V_243,Metolachloor,3
https://data.omgeving.vlaanderen.be/id/concept/csor/variabele/V_547,4-Chloortolueen,3
https://data.omgeving.vlaanderen.be/id/concept/csor/variabele/V_496,Difenyloxide,3
https://data.omgeving.vlaanderen.be/id/concept/csor/variabele/V_238,Polyaromatische KWS (10 Vrom),3
https://data.omgeving.vlaanderen.be/id/concept/csor/variabele/V_2115,Droge stof,3
https://data.omgeving.vlaanderen.be/id/concept/csor/variabele/V_2204,Tetrahydrofuraan,3
https://data.omgeving.vlaanderen.be/id/concept/csor/variabele/V_681,"2,5-Dimethylfenol",3
https://data.omgeving.vlaanderen.be/id/concept/csor/variabele/V_467,Organische stof,3
https://data.omgeving.vlaanderen.be/id/concept/csor/variabele/V_1104,Trimethylbenzeen,3
https://data.omgeving.vlaanderen.be/id/concept/csor/variabele/V_447,"2,3-Dichloornitrobenzeen",3
https://data.omgeving.vlaanderen.be/id/concept/csor/variabele/V_1440,= PFOSAtotaal - PFOSA,3
https://data.omgeving.vlaanderen.be/id/concept/csor/variabele/V_586,meta-Ethyltolueen,3
https://data.omgeving.vlaanderen.be/id/concept/csor/variabele/V_868,"2,2',4,4',6-Pentabroomdifenylether (BDE100)",3
https://data.omgeving.vlaanderen.be/id/concept/csor/variabele/V_624,"Ijzer, tweewaardig",3
https://data.omgeving.vlaanderen.be/id/concept/csor/variabele/V_2010,ortho-Ethyltolueen,3
https://data.omgeving.vlaanderen.be/id/concept/csor/variabele/V_1107,Chloortolueen,3
https://data.omgeving.vlaanderen.be/id/concept/csor/variabele/V_1958,Vluchtige organische stoffen,3
https://data.omgeving.vlaanderen.be/id/concept/csor/variabele/V_1189,Stoffen,3
https://data.omgeving.vlaanderen.be/id/concept/csor/variabele/V_1442,Som van de 43 PFAS,3
https://data.omgeving.vlaanderen.be/id/concept/csor/variabele/V_1547,Thymol,3
https://data.omgeving.vlaanderen.be/id/concept/csor/variabele/V_1865,Perfluor-n-decaansulfonamide,3
https://data.omgeving.vlaanderen.be/id/concept/csor/variabele/V_2176,"Apolaire koolwaterstoffen, fractie C8-C10",3
https://data.omgeving.vlaanderen.be/id/concept/csor/variabele/V_1877,Totaal perfluorhexaansulfonamide (lin+ vert),3
https://data.omgeving.vlaanderen.be/id/concept/csor/variabele/V_770,Chloridazon,3
https://data.omgeving.vlaanderen.be/id/concept/csor/variabele/V_1118,"Ftalaten, som",3
https://data.omgeving.vlaanderen.be/id/concept/csor/variabele/V_1796,Methylcyclohexaan,3
https://data.omgeving.vlaanderen.be/id/concept/csor/variabele/V_414,Isoproturon,3
https://data.omgeving.vlaanderen.be/id/concept/csor/variabele/V_998,Dibenzofuraan,3
https://data.omgeving.vlaanderen.be/id/concept/csor/variabele/V_256,Koolstofdisulfide,3
https://data.omgeving.vlaanderen.be/id/concept/csor/variabele/V_451,"3,5-Dichloornitrobenzeen",3
https://data.omgeving.vlaanderen.be/id/concept/csor/variabele/V_869,"2,2',4,4',5,5'-Hexabroomdifenylether (BDE153)",3
https://data.omgeving.vlaanderen.be/id/concept/csor/variabele/V_1312,Scandium,3
https://data.omgeving.vlaanderen.be/id/concept/csor/variabele/V_417,Metoxuron,3
https://data.omgeving.vlaanderen.be/id/concept/csor/variabele/V_867,"2,2',4,4',5-Pentabroomdifenylether (BDE99)",3
https://data.omgeving.vlaanderen.be/id/concept/csor/variabele/V_498,Aniline,3
https://data.omgeving.vlaanderen.be/id/concept/csor/variabele/V_721,Bentazone,3
https://data.omgeving.vlaanderen.be/id/concept/csor/variabele/V_987,Etyleenglycol,3
https://data.omgeving.vlaanderen.be/id/concept/csor/variabele/V_737,n-Nonaan,3
https://data.omgeving.vlaanderen.be/id/concept/csor/variabele/V_668,Acrylonitrile,3
https://data.omgeving.vlaanderen.be/id/concept/csor/variabele/V_310,pH (KCl),3
https://data.omgeving.vlaanderen.be/id/concept/csor/variabele/V_520,"2,3,4,6-Tetrachloorfenol",3
https://data.omgeving.vlaanderen.be/id/concept/csor/variabele/V_481,"4-Chloor-3,5-dimethylfenol",3
https://data.omgeving.vlaanderen.be/id/concept/csor/variabele/V_416,Metabenzthiazuron,3
https://data.omgeving.vlaanderen.be/id/concept/csor/variabele/V_718,Chloorfenvinfos,3
https://data.omgeving.vlaanderen.be/id/concept/csor/variabele/V_695,Pirimifos-methyl,3
https://data.omgeving.vlaanderen.be/id/concept/csor/variabele/V_925,Caprolactam,3
https://data.omgeving.vlaanderen.be/id/concept/csor/variabele/V_882,Renium,3
https://data.omgeving.vlaanderen.be/id/concept/csor/variabele/V_785,Temperatuur,3
https://data.omgeving.vlaanderen.be/id/concept/csor/variabele/V_446,"2,4-Dichloornitrobenzeen",3
https://data.omgeving.vlaanderen.be/id/concept/csor/variabele/V_752,Demeton-S,3
https://data.omgeving.vlaanderen.be/id/concept/csor/variabele/V_364,para-Xyleen,3
https://data.omgeving.vlaanderen.be/id/concept/csor/variabele/V_872,Decabroomdifenylether (BDE209),3
https://data.omgeving.vlaanderen.be/id/concept/csor/variabele/V_836,DDD+DDE+DDT,3
https://data.omgeving.vlaanderen.be/id/concept/csor/variabele/V_280,Brachydanio rerio,3
https://data.omgeving.vlaanderen.be/id/concept/csor/variabele/V_527,"2,4,5-Trichloorfenol",3
https://data.omgeving.vlaanderen.be/id/concept/csor/variabele/V_581,Triazofos,3
https://data.omgeving.vlaanderen.be/id/concept/csor/variabele/V_1633,Acroleine,3
https://data.omgeving.vlaanderen.be/id/concept/csor/variabele/V_697,Isopropanol,3
https://data.omgeving.vlaanderen.be/id/concept/csor/variabele/V_173,Permethrin,3
https://data.omgeving.vlaanderen.be/id/concept/csor/variabele/V_245,Carbonaat,3
https://data.omgeving.vlaanderen.be/id/concept/csor/variabele/V_360,alfa-Methylstyreen,3
https://data.omgeving.vlaanderen.be/id/concept/csor/variabele/V_522,"2,3,5,6-Tetrachloorfenol",3
https://data.omgeving.vlaanderen.be/id/concept/csor/variabele/V_77,Methylethylketon,3
https://data.omgeving.vlaanderen.be/id/concept/csor/variabele/V_196,beta-Hexabroomcyclododecaan,3
https://data.omgeving.vlaanderen.be/id/concept/csor/variabele/V_1477,Som van 20 PFAS uit Drinkwater Richtlijn,3
https://data.omgeving.vlaanderen.be/id/concept/csor/variabele/V_11,Dichloornitrobenzenen,3
https://data.omgeving.vlaanderen.be/id/concept/csor/variabele/V_1137,"4-ethylfenol + 3,5 dimethylfenol",3
https://data.omgeving.vlaanderen.be/id/concept/csor/variabele/V_592,sec-Butylbenzeen,3
https://data.omgeving.vlaanderen.be/id/concept/csor/variabele/V_1541,Propyleenglycol,3
https://data.omgeving.vlaanderen.be/id/concept/csor/variabele/V_516,1-Chloor-3-nitrobenzeen,3
https://data.omgeving.vlaanderen.be/id/concept/csor/variabele/V_197,gamma-Hexabroomcyclododecaan,3
https://data.omgeving.vlaanderen.be/id/concept/csor/variabele/V_195,alfa-Hexabroomcyclododecaan,3
https://data.omgeving.vlaanderen.be/id/concept/csor/variabele/V_596,Ethoprofos,3
https://data.omgeving.vlaanderen.be/id/concept/csor/variabele/V_302,Hardheid,3
https://data.omgeving.vlaanderen.be/id/concept/csor/variabele/V_888,Dioxines+furanen,3
https://data.omgeving.vlaanderen.be/id/concept/csor/variabele/V_2171,"Apolaire koolwaterstoffen, fractie C5-C8",3
https://data.omgeving.vlaanderen.be/id/concept/csor/variabele/V_2172,"Apolaire koolwaterstoffen, fractie C5-C9",3
https://data.omgeving.vlaanderen.be/id/concept/csor/variabele/V_20,Trichloorfenolen,3
https://data.omgeving.vlaanderen.be/id/concept/csor/variabele/V_450,"3,4-Dichloornitrobenzeen",3
https://data.omgeving.vlaanderen.be/id/concept/csor/variabele/V_892,Furfuraldehyde,3
https://data.omgeving.vlaanderen.be/id/concept/csor/variabele/V_2015,para-Ethyltolueen,3
https://data.omgeving.vlaanderen.be/id/concept/csor/variabele/V_843,Ostracod,3
https://data.omgeving.vlaanderen.be/id/concept/csor/variabele/V_576,Malathion,3
https://data.omgeving.vlaanderen.be/id/concept/csor/variabele/V_1357,= PFOStotaal - PFOS,3
https://data.omgeving.vlaanderen.be/id/concept/csor/variabele/V_803,Sebutylazine,3
https://data.omgeving.vlaanderen.be/id/concept/csor/variabele/V_2156,"Apolaire koolwaterstoffen, fractie C12-C16",3
https://data.omgeving.vlaanderen.be/id/concept/csor/variabele/V_518,1-Chloornaftaleen,3
https://data.omgeving.vlaanderen.be/id/concept/csor/variabele/V_646,Chloor,3
https://data.omgeving.vlaanderen.be/id/concept/csor/variabele/V_921,Fenoprop,3
https://data.omgeving.vlaanderen.be/id/concept/csor/variabele/V_1066,Chloorfluorkoolstoffen,3
https://data.omgeving.vlaanderen.be/id/concept/csor/variabele/V_549,Broommethaan,3
https://data.omgeving.vlaanderen.be/id/concept/csor/variabele/V_733,Cyclohexaan,3
https://data.omgeving.vlaanderen.be/id/concept/csor/variabele/V_1202,Tert-butylalcohol,3
https://data.omgeving.vlaanderen.be/id/concept/csor/variabele/V_680,"2,3-Dimethylfenol",3
https://data.omgeving.vlaanderen.be/id/concept/csor/variabele/V_2062,Acetonitril,3
https://data.omgeving.vlaanderen.be/id/concept/csor/variabele/V_294,"2,3,5-Trimethylfenol",3
https://data.omgeving.vlaanderen.be/id/concept/csor/variabele/V_1295,Cesium,3
https://data.omgeving.vlaanderen.be/id/concept/csor/variabele/V_2213,Ureum,3
https://data.omgeving.vlaanderen.be/id/concept/csor/variabele/V_564,Trichloorfluormethaan,3
https://data.omgeving.vlaanderen.be/id/concept/csor/variabele/V_722,Bromoxynil,3
https://data.omgeving.vlaanderen.be/id/concept/csor/variabele/V_804,Desmetryn,3
https://data.omgeving.vlaanderen.be/id/concept/csor/variabele/V_426,Fenol index,3
https://data.omgeving.vlaanderen.be/id/concept/csor/variabele/V_793,Tributyltin,3
https://data.omgeving.vlaanderen.be/id/concept/csor/variabele/V_540,3-Chloorpropeen,3
https://data.omgeving.vlaanderen.be/id/concept/csor/variabele/V_490,4-n-Octylfenol,2
https://data.omgeving.vlaanderen.be/id/concept/csor/variabele/V_2165,"Apolaire koolwaterstoffen, fractie C24-28",2
https://data.omgeving.vlaanderen.be/id/concept/csor/variabele/V_22,Bromacil,2
https://data.omgeving.vlaanderen.be/id/concept/csor/variabele/V_613,"2,4',5-Trichloorbifenyl (PCB31)",2
https://data.omgeving.vlaanderen.be/id/concept/csor/variabele/V_2103,1.2-Diethoxyethaan (Diethylglycol),2
https://data.omgeving.vlaanderen.be/id/concept/csor/variabele/V_2207,"2,4,6‑Trinitrotolueen",2
https://data.omgeving.vlaanderen.be/id/concept/csor/variabele/V_1301,Germanium,2
https://data.omgeving.vlaanderen.be/id/concept/csor/variabele/V_2122,Fluazinam,2
https://data.omgeving.vlaanderen.be/id/concept/csor/variabele/V_439,"2,3+3,5-Dimethylfenol+4-Ethylfenol",2
https://data.omgeving.vlaanderen.be/id/concept/csor/variabele/V_640,Diethylamine,2
https://data.omgeving.vlaanderen.be/id/concept/csor/variabele/V_23,Dimethenamid,2
https://data.omgeving.vlaanderen.be/id/concept/csor/variabele/V_472,Carbendazim,2
https://data.omgeving.vlaanderen.be/id/concept/csor/variabele/V_1516,PFAS calux,2
https://data.omgeving.vlaanderen.be/id/concept/csor/variabele/V_2120,Furosemide,2
https://data.omgeving.vlaanderen.be/id/concept/csor/variabele/V_2232,n-Pentanol,2
https://data.omgeving.vlaanderen.be/id/concept/csor/variabele/V_782,Aminomethylfosfonzuur,2
https://data.omgeving.vlaanderen.be/id/concept/csor/variabele/V_708,Isopentaan,2
https://data.omgeving.vlaanderen.be/id/concept/csor/variabele/V_26,Tebuconazole,2
https://data.omgeving.vlaanderen.be/id/concept/csor/variabele/V_1298,Europium,2
https://data.omgeving.vlaanderen.be/id/concept/csor/variabele/V_2106,Diflubenzuron,2
https://data.omgeving.vlaanderen.be/id/concept/csor/variabele/V_798,Kjeldahlstikstof,2
https://data.omgeving.vlaanderen.be/id/concept/csor/variabele/V_215,Clostridium Perfringens,2
https://data.omgeving.vlaanderen.be/id/concept/csor/variabele/V_261,Escherichia Coli,2
https://data.omgeving.vlaanderen.be/id/concept/csor/variabele/V_755,Tolclofos-methyl,2
https://data.omgeving.vlaanderen.be/id/concept/csor/variabele/V_288,Dinonylftalaat,2
https://data.omgeving.vlaanderen.be/id/concept/csor/variabele/V_852,Cyfluthrin,2
https://data.omgeving.vlaanderen.be/id/concept/csor/variabele/V_394,Mecoprop,2
https://data.omgeving.vlaanderen.be/id/concept/csor/variabele/V_886,Mirex,2
https://data.omgeving.vlaanderen.be/id/concept/csor/variabele/V_855,Nonylfenol,2
https://data.omgeving.vlaanderen.be/id/concept/csor/variabele/V_2240,Per- en polyfluoralkylstoffen (PFAS) – som van 25,2
https://data.omgeving.vlaanderen.be/id/concept/csor/variabele/V_2114,Dodecaanzuur,2
https://data.omgeving.vlaanderen.be/id/concept/csor/variabele/V_731,Methylcyclopentaan,2
https://data.omgeving.vlaanderen.be/id/concept/csor/variabele/V_457,3+4-Ethylfenol,2
https://data.omgeving.vlaanderen.be/id/concept/csor/variabele/V_1296,Dysprosium,2
https://data.omgeving.vlaanderen.be/id/concept/csor/variabele/V_2071,Asgehalte,2
https://data.omgeving.vlaanderen.be/id/concept/csor/variabele/V_779,"2-sec-Butyl-4,6-dinitrofenol",2
https://data.omgeving.vlaanderen.be/id/concept/csor/variabele/V_2092,Carbofenothion,2
https://data.omgeving.vlaanderen.be/id/concept/csor/variabele/V_738,n-Decaan,2
https://data.omgeving.vlaanderen.be/id/concept/csor/variabele/V_1310,Rubidium,2
https://data.omgeving.vlaanderen.be/id/concept/csor/variabele/V_2095,Chloordeen,2
https://data.omgeving.vlaanderen.be/id/concept/csor/variabele/V_1448,Tri-ethylamine,2
https://data.omgeving.vlaanderen.be/id/concept/csor/variabele/V_476,Demeton-S-methyl,2
https://data.omgeving.vlaanderen.be/id/concept/csor/variabele/V_1537,Methylglycol,2
https://data.omgeving.vlaanderen.be/id/concept/csor/variabele/V_1065,Niet eerder genoemde NMVOS,2
https://data.omgeving.vlaanderen.be/id/concept/csor/variabele/V_315,Vluchtige stof,2
https://data.omgeving.vlaanderen.be/id/concept/csor/variabele/V_582,Trichloorfon,2
https://data.omgeving.vlaanderen.be/id/concept/csor/variabele/V_795,Fenbutatinoxide,2
https://data.omgeving.vlaanderen.be/id/concept/csor/variabele/V_845,Monooctyltin,2
https://data.omgeving.vlaanderen.be/id/concept/csor/variabele/V_356,4-Nitrofenol,2
https://data.omgeving.vlaanderen.be/id/concept/csor/variabele/V_76,"Dibenzo(a,j)anthraceen",2
https://data.omgeving.vlaanderen.be/id/concept/csor/variabele/V_438,"2,4+2,5-Dimethylfenol",2
https://data.omgeving.vlaanderen.be/id/concept/csor/variabele/V_2138,iso-Valeriaanzuur,2
https://data.omgeving.vlaanderen.be/id/concept/csor/variabele/V_505,"1,2-Dichlooretheen",2
https://data.omgeving.vlaanderen.be/id/concept/csor/variabele/V_2137,Isoquinoline,2
https://data.omgeving.vlaanderen.be/id/concept/csor/variabele/V_739,Undecaan,2
https://data.omgeving.vlaanderen.be/id/concept/csor/variabele/V_761,"2,5-Dichloorfenol",2
https://data.omgeving.vlaanderen.be/id/concept/csor/variabele/V_835,Trichloorethaan,2
https://data.omgeving.vlaanderen.be/id/concept/csor/variabele/V_924,Pentamethyldiethyleentriamine,2
https://data.omgeving.vlaanderen.be/id/concept/csor/variabele/V_2054,2-Methylnaftaleen,2
https://data.omgeving.vlaanderen.be/id/concept/csor/variabele/V_743,cis-2-Buteen,2
https://data.omgeving.vlaanderen.be/id/concept/csor/variabele/V_728,Isobutaan,2
https://data.omgeving.vlaanderen.be/id/concept/csor/variabele/V_620,Thiocyanaat,2
https://data.omgeving.vlaanderen.be/id/concept/csor/variabele/V_1068,Fluorkoolwaterstoffen,2
https://data.omgeving.vlaanderen.be/id/concept/csor/variabele/V_874,Tetrabroombisfenol-A,2
https://data.omgeving.vlaanderen.be/id/concept/csor/variabele/V_474,Pirimicarb,2
https://data.omgeving.vlaanderen.be/id/concept/csor/variabele/V_790,Dibutyltin,2
https://data.omgeving.vlaanderen.be/id/concept/csor/variabele/V_556,Dichloordifluormethaan (CFK12),2
https://data.omgeving.vlaanderen.be/id/concept/csor/variabele/V_6,Chloortoluenen,2
https://data.omgeving.vlaanderen.be/id/concept/csor/variabele/V_2132,iso-Boterzuur,2
https://data.omgeving.vlaanderen.be/id/concept/csor/variabele/V_617,Radium 226,2
https://data.omgeving.vlaanderen.be/id/concept/csor/variabele/V_2186,Propionzuur,2
https://data.omgeving.vlaanderen.be/id/concept/csor/variabele/V_2185,ortho-Toluidine,2
https://data.omgeving.vlaanderen.be/id/concept/csor/variabele/V_182,n-Butylacrylaat,2
https://data.omgeving.vlaanderen.be/id/concept/csor/variabele/V_422,Apolaire koolwaterstoffen,2
https://data.omgeving.vlaanderen.be/id/concept/csor/variabele/V_406,"2,3,4,5-Tetrachloornitrobenzeen",2
https://data.omgeving.vlaanderen.be/id/concept/csor/variabele/V_665,Tributylfosfaat,2
https://data.omgeving.vlaanderen.be/id/concept/csor/variabele/V_1317,Thulium,2
https://data.omgeving.vlaanderen.be/id/concept/csor/variabele/V_1540,Dipropyleenglycol,2
https://data.omgeving.vlaanderen.be/id/concept/csor/variabele/V_693,"Fenolen, gechloreerde",2
https://data.omgeving.vlaanderen.be/id/concept/csor/variabele/V_164,Chlorothalonil,2
https://data.omgeving.vlaanderen.be/id/concept/csor/variabele/V_906,Tris-(2-chloorethyl)-fosfaat,2
https://data.omgeving.vlaanderen.be/id/concept/csor/variabele/V_1316,Thorium,2
https://data.omgeving.vlaanderen.be/id/concept/csor/variabele/V_883,BDE 85+154,2
https://data.omgeving.vlaanderen.be/id/concept/csor/variabele/V_1112,white-spirit,2
https://data.omgeving.vlaanderen.be/id/concept/csor/variabele/V_2066,Alkaniteit tap,2
https://data.omgeving.vlaanderen.be/id/concept/csor/variabele/V_2047,"2,6‑Dinitrotolueen",2
https://data.omgeving.vlaanderen.be/id/concept/csor/variabele/V_2093,Carbofuran,2
https://data.omgeving.vlaanderen.be/id/concept/csor/variabele/V_2184,Octadecaanzuur,2
https://data.omgeving.vlaanderen.be/id/concept/csor/variabele/V_1059,Fluorverbindingen,2
https://data.omgeving.vlaanderen.be/id/concept/csor/variabele/V_687,Natriumchloride,2
https://data.omgeving.vlaanderen.be/id/concept/csor/variabele/V_2190,Propoxur,2
https://data.omgeving.vlaanderen.be/id/concept/csor/variabele/V_1450,"Perfluor([5-methoxy-1,3-dioxolaan-4-yl]oxy)azijnzu",2
https://data.omgeving.vlaanderen.be/id/concept/csor/variabele/V_753,Heptenofos,2
https://data.omgeving.vlaanderen.be/id/concept/csor/variabele/V_2075,Boterzuur,2
https://data.omgeving.vlaanderen.be/id/concept/csor/variabele/V_2077,Benzeenazijnzuur,2
https://data.omgeving.vlaanderen.be/id/concept/csor/variabele/V_1315,Terbium,2
https://data.omgeving.vlaanderen.be/id/concept/csor/variabele/V_2055,2-Octanol,2
https://data.omgeving.vlaanderen.be/id/concept/csor/variabele/V_2050,2-Ethylhexylacrylaat,2
https://data.omgeving.vlaanderen.be/id/concept/csor/variabele/V_466,3+4-Chloorfenol,2
https://data.omgeving.vlaanderen.be/id/concept/csor/variabele/V_579,Oxydemeton-methyl,2
https://data.omgeving.vlaanderen.be/id/concept/csor/variabele/V_2072,Azijnzuur,2
https://data.omgeving.vlaanderen.be/id/concept/csor/variabele/V_265,Salmonella,2
https://data.omgeving.vlaanderen.be/id/concept/csor/variabele/V_192,Thiacloprid,2
https://data.omgeving.vlaanderen.be/id/concept/csor/variabele/V_1308,Osmium,2
https://data.omgeving.vlaanderen.be/id/concept/csor/variabele/V_2157,"Apolaire koolwaterstoffen, fractie C12-C22",2
https://data.omgeving.vlaanderen.be/id/concept/csor/variabele/V_1544,Diethyleenglycol,2
https://data.omgeving.vlaanderen.be/id/concept/csor/variabele/V_308,Neerslag,2
https://data.omgeving.vlaanderen.be/id/concept/csor/variabele/V_91,Carbamazepine,2
https://data.omgeving.vlaanderen.be/id/concept/csor/variabele/V_2056,3-Methyl-2-butanon,2
https://data.omgeving.vlaanderen.be/id/concept/csor/variabele/V_865,"2,3',4,4'-Tetrabroomdifenylether (BDE66)",2
https://data.omgeving.vlaanderen.be/id/concept/csor/variabele/V_254,Sulfiet,2
https://data.omgeving.vlaanderen.be/id/concept/csor/variabele/V_2067,Amisulpride,2
https://data.omgeving.vlaanderen.be/id/concept/csor/variabele/V_419,"Triazines, totaal",2
https://data.omgeving.vlaanderen.be/id/concept/csor/variabele/V_2131,iso-Amylacetaat,2
https://data.omgeving.vlaanderen.be/id/concept/csor/variabele/V_299,Geleidbaarheid ter plaatse,2
https://data.omgeving.vlaanderen.be/id/concept/csor/variabele/V_2217,Zoutzuur,2
https://data.omgeving.vlaanderen.be/id/concept/csor/variabele/V_293,"3,5-Dimethylfenol",2
https://data.omgeving.vlaanderen.be/id/concept/csor/variabele/V_56,Benzo(j)fluorantheen+Benzo(e)pyreen,2
https://data.omgeving.vlaanderen.be/id/concept/csor/variabele/V_899,Dicyclohexylftalaat,2
https://data.omgeving.vlaanderen.be/id/concept/csor/variabele/V_744,1-Penteen,2
https://data.omgeving.vlaanderen.be/id/concept/csor/variabele/V_1770,Isopreen,2
https://data.omgeving.vlaanderen.be/id/concept/csor/variabele/V_1348,Methylkwik,2
https://data.omgeving.vlaanderen.be/id/concept/csor/variabele/V_754,Sulfotep,2
https://data.omgeving.vlaanderen.be/id/concept/csor/variabele/V_777,Hexachloorethaan,2
https://data.omgeving.vlaanderen.be/id/concept/csor/variabele/V_2094,Chinomethionaat,2
https://data.omgeving.vlaanderen.be/id/concept/csor/variabele/V_1686,Koolstofdioxide,2
https://data.omgeving.vlaanderen.be/id/concept/csor/variabele/V_887,Hexabroomdifenyl,2
https://data.omgeving.vlaanderen.be/id/concept/csor/variabele/V_136,Sotalol,2
https://data.omgeving.vlaanderen.be/id/concept/csor/variabele/V_2116,Geleidbaarheid,2
https://data.omgeving.vlaanderen.be/id/concept/csor/variabele/V_1067,Chloorfluorkoolwaterstoffen,2
https://data.omgeving.vlaanderen.be/id/concept/csor/variabele/V_551,Chloorazijnzuur,2
https://data.omgeving.vlaanderen.be/id/concept/csor/variabele/V_725,4-(4-Chloor-2-methylfenoxy)boterzuur,2
https://data.omgeving.vlaanderen.be/id/concept/csor/variabele/V_1119,Perfluortensiden zonder PFOS en PFOA,2
https://data.omgeving.vlaanderen.be/id/concept/csor/variabele/V_2168,"Apolaire koolwaterstoffen, fractie C32-C36",2
https://data.omgeving.vlaanderen.be/id/concept/csor/variabele/V_711,4-Ethylfenol,2
https://data.omgeving.vlaanderen.be/id/concept/csor/variabele/V_1061,Polyaromatische KWS (14 IBS),2
https://data.omgeving.vlaanderen.be/id/concept/csor/variabele/V_1479,Cyclohexanol,2
https://data.omgeving.vlaanderen.be/id/concept/csor/variabele/V_2224,p-(tert)Butylfenol,2
https://data.omgeving.vlaanderen.be/id/concept/csor/variabele/V_1302,Hafnium,2
https://data.omgeving.vlaanderen.be/id/concept/csor/variabele/V_102,Propanolol,2
https://data.omgeving.vlaanderen.be/id/concept/csor/variabele/V_105,Clarithromycine,2
https://data.omgeving.vlaanderen.be/id/concept/csor/variabele/V_2129,Heptaanzuur,2
https://data.omgeving.vlaanderen.be/id/concept/csor/variabele/V_1070,Halonen,2
https://data.omgeving.vlaanderen.be/id/concept/csor/variabele/V_792,Dicyclohexyltin,2
https://data.omgeving.vlaanderen.be/id/concept/csor/variabele/V_713,"2,3,5,6-Tetrachloornitrobenzeen",2
https://data.omgeving.vlaanderen.be/id/concept/csor/variabele/V_736,Iso-octaan,2
https://data.omgeving.vlaanderen.be/id/concept/csor/variabele/V_180,Ethylacrylaat,2
https://data.omgeving.vlaanderen.be/id/concept/csor/variabele/V_301,Gloeiverlies,2
https://data.omgeving.vlaanderen.be/id/concept/csor/variabele/V_818,Propyleenoxide,2
https://data.omgeving.vlaanderen.be/id/concept/csor/variabele/V_1452,2-(perfluoroctyl)ethylalcohol,2
https://data.omgeving.vlaanderen.be/id/concept/csor/variabele/V_2135,3-jood-2-propynylbutylcarbanaat,2
https://data.omgeving.vlaanderen.be/id/concept/csor/variabele/V_2117,Ethylamine,2
https://data.omgeving.vlaanderen.be/id/concept/csor/variabele/V_765,"2,4,4' en 2,4',5-Trichloorbifenyl (PCB28+31)",2
https://data.omgeving.vlaanderen.be/id/concept/csor/variabele/V_497,Ethyleenoxide,2
https://data.omgeving.vlaanderen.be/id/concept/csor/variabele/V_676,"Organotinverbindingen, totaal",2
https://data.omgeving.vlaanderen.be/id/concept/csor/variabele/V_409,Chloortoluron,2
https://data.omgeving.vlaanderen.be/id/concept/csor/variabele/V_235,Polyaromatische KWS (6 Borneff),2
https://data.omgeving.vlaanderen.be/id/concept/csor/variabele/V_740,Propeen,2
https://data.omgeving.vlaanderen.be/id/concept/csor/variabele/V_4,Chloorfenolen,2
https://data.omgeving.vlaanderen.be/id/concept/csor/variabele/V_1299,Gallium,2
https://data.omgeving.vlaanderen.be/id/concept/csor/variabele/V_2101,Decaanzuur,2
https://data.omgeving.vlaanderen.be/id/concept/csor/variabele/V_284,Diheptylftalaat,2
https://data.omgeving.vlaanderen.be/id/concept/csor/variabele/V_1478,Benzylalcohol,2
https://data.omgeving.vlaanderen.be/id/concept/csor/variabele/V_179,Methylacrylaat,2
https://data.omgeving.vlaanderen.be/id/concept/csor/variabele/V_2183,Octaanzuur,2
https://data.omgeving.vlaanderen.be/id/concept/csor/variabele/V_936,Dichlobenil,2
https://data.omgeving.vlaanderen.be/id/concept/csor/variabele/V_700,Tetrachloorethyleen extrah.apol.stoffen,2
https://data.omgeving.vlaanderen.be/id/concept/csor/variabele/V_296,Doorzichtigheid,2
https://data.omgeving.vlaanderen.be/id/concept/csor/variabele/V_2098,Dichlofluanide,2
https://data.omgeving.vlaanderen.be/id/concept/csor/variabele/V_193,Acetamiprid,2
https://data.omgeving.vlaanderen.be/id/concept/csor/variabele/V_2111,Dimethylformamide,2
https://data.omgeving.vlaanderen.be/id/concept/csor/variabele/V_657,Triallaat,2
https://data.omgeving.vlaanderen.be/id/concept/csor/variabele/V_1447,Diallaat,2
https://data.omgeving.vlaanderen.be/id/concept/csor/variabele/V_493,4-tert-Octylfenol,2
https://data.omgeving.vlaanderen.be/id/concept/csor/variabele/V_2170,"Apolaire koolwaterstoffen, fractie C36-C40",2
https://data.omgeving.vlaanderen.be/id/concept/csor/variabele/V_2179,2-[2-(methoxyethoxy)ethoxy]-ethanol,2
https://data.omgeving.vlaanderen.be/id/concept/csor/variabele/V_2102,Deceen,2
https://data.omgeving.vlaanderen.be/id/concept/csor/variabele/V_2162,"Apolaire koolwaterstoffen, fractie C20-C24",2
https://data.omgeving.vlaanderen.be/id/concept/csor/variabele/V_491,4-n-Nonylfenol,2
https://data.omgeving.vlaanderen.be/id/concept/csor/variabele/V_572,Dimethoaat,2
https://data.omgeving.vlaanderen.be/id/concept/csor/variabele/V_87,"1,1,1,2-Tetrafluorethaan (HFK134a)",2
https://data.omgeving.vlaanderen.be/id/concept/csor/variabele/V_145,Irbesartan,2
https://data.omgeving.vlaanderen.be/id/concept/csor/variabele/V_2216,Vochtgehalte,2
https://data.omgeving.vlaanderen.be/id/concept/csor/variabele/V_2097,Dichloorfluormethaan,2
https://data.omgeving.vlaanderen.be/id/concept/csor/variabele/V_133,Clothianidine,2
https://data.omgeving.vlaanderen.be/id/concept/csor/variabele/V_1086,Pentabroomdifenylether,2
https://data.omgeving.vlaanderen.be/id/concept/csor/variabele/V_871,"2,2',3,4,4',5',6-Heptabroomdifenylether (BDE183)",2
https://data.omgeving.vlaanderen.be/id/concept/csor/variabele/V_891,2-Furaanmethanol,2
https://data.omgeving.vlaanderen.be/id/concept/csor/variabele/V_2068,Amosiet,2
https://data.omgeving.vlaanderen.be/id/concept/csor/variabele/V_885,Chloordecon,2
https://data.omgeving.vlaanderen.be/id/concept/csor/variabele/V_73,Fluor en zijn anorganische verbindingen,2
https://data.omgeving.vlaanderen.be/id/concept/csor/variabele/V_604,Tetrabutyltin,2
https://data.omgeving.vlaanderen.be/id/concept/csor/variabele/V_1307,Neodymium,2
https://data.omgeving.vlaanderen.be/id/concept/csor/variabele/V_791,Difenyltin,2
https://data.omgeving.vlaanderen.be/id/concept/csor/variabele/V_866,"2,2',3,4,4'-Pentabroomdifenylether (BDE85)",2
https://data.omgeving.vlaanderen.be/id/concept/csor/variabele/V_2128,Hexanol,2
https://data.omgeving.vlaanderen.be/id/concept/csor/variabele/V_137,Hydrochloorthiazide,2
https://data.omgeving.vlaanderen.be/id/concept/csor/variabele/V_2112,Dimethoxymethaan,2
https://data.omgeving.vlaanderen.be/id/concept/csor/variabele/V_776,"2,3-Dichloorpropeen",2
https://data.omgeving.vlaanderen.be/id/concept/csor/variabele/V_300,Gloeirest,2
https://data.omgeving.vlaanderen.be/id/concept/csor/variabele/V_533,2-Chloorethanol,2
https://data.omgeving.vlaanderen.be/id/concept/csor/variabele/V_788,Monobutyltin,2
https://data.omgeving.vlaanderen.be/id/concept/csor/variabele/V_381,Endrin aldehyde,2
https://data.omgeving.vlaanderen.be/id/concept/csor/variabele/V_946,2-Hydroxybenzothiazole,2
https://data.omgeving.vlaanderen.be/id/concept/csor/variabele/V_629,bis-(2-Chloorisopropyl)-ether,2
https://data.omgeving.vlaanderen.be/id/concept/csor/variabele/V_2052,2-Ethoxyethanol (Ethylglycol),2
https://data.omgeving.vlaanderen.be/id/concept/csor/variabele/V_789,Monofenyltin,2
https://data.omgeving.vlaanderen.be/id/concept/csor/variabele/V_1063,Niet eerder genoemde gehalogeneerde NMVOS,2
https://data.omgeving.vlaanderen.be/id/concept/csor/variabele/V_1072,"Ozonafbrekende stoffen en F-gassen, totaal",2
https://data.omgeving.vlaanderen.be/id/concept/csor/variabele/V_1839,"3,3'-Dichloorbifenyl (PCB11)",2
https://data.omgeving.vlaanderen.be/id/concept/csor/variabele/V_48,Stikstofdioxide,2
https://data.omgeving.vlaanderen.be/id/concept/csor/variabele/V_745,trans-2-Penteen,2
https://data.omgeving.vlaanderen.be/id/concept/csor/variabele/V_851,Endrin keton,2
https://data.omgeving.vlaanderen.be/id/concept/csor/variabele/V_27,Fytotox,2
https://data.omgeving.vlaanderen.be/id/concept/csor/variabele/V_612,"2,2',4,5'-Tetrachloorbifenyl (PCB49)",2
https://data.omgeving.vlaanderen.be/id/concept/csor/variabele/V_1234,Danio rerio,2
https://data.omgeving.vlaanderen.be/id/concept/csor/variabele/V_915,Aldrin+Dieldrin+Endrin+Isodrin,2
https://data.omgeving.vlaanderen.be/id/concept/csor/variabele/V_1542,Trimethyleenglycol,2
https://data.omgeving.vlaanderen.be/id/concept/csor/variabele/V_103,Sulfamethoxazol,2
https://data.omgeving.vlaanderen.be/id/concept/csor/variabele/V_875,Vibrio fisheri,2
https://data.omgeving.vlaanderen.be/id/concept/csor/variabele/V_794,Tricyclohexyltin,2
https://data.omgeving.vlaanderen.be/id/concept/csor/variabele/V_2051,2-Ethylhexaanzuur,2
https://data.omgeving.vlaanderen.be/id/concept/csor/variabele/V_775,"1,1,2-Trichloortrifluorethaan",2
https://data.omgeving.vlaanderen.be/id/concept/csor/variabele/V_694,Methidation,2
https://data.omgeving.vlaanderen.be/id/concept/csor/variabele/V_1058,Chloorverbindingen,2
https://data.omgeving.vlaanderen.be/id/concept/csor/variabele/V_907,Tris-(2-chloorisopropyl)-fosfaat,2
https://data.omgeving.vlaanderen.be/id/concept/csor/variabele/V_1749,Galactosan,2
https://data.omgeving.vlaanderen.be/id/concept/csor/variabele/V_746,1-Hexeen,2
https://data.omgeving.vlaanderen.be/id/concept/csor/variabele/V_2169,"Apolaire koolwaterstoffen, fractie C34-C40",2
https://data.omgeving.vlaanderen.be/id/concept/csor/variabele/V_359,meta-Xyleen,2
https://data.omgeving.vlaanderen.be/id/concept/csor/variabele/V_400,Pentachloornitrobenzeen,2
https://data.omgeving.vlaanderen.be/id/concept/csor/variabele/V_1776,Levoglucosan,2
https://data.omgeving.vlaanderen.be/id/concept/csor/variabele/V_1311,Ruthenium,2
https://data.omgeving.vlaanderen.be/id/concept/csor/variabele/V_932,"2,6-Dichloorbenzamide",2
https://data.omgeving.vlaanderen.be/id/concept/csor/variabele/V_2083,Buprofezine,2
https://data.omgeving.vlaanderen.be/id/concept/csor/variabele/V_796,Trifenyltin,2
https://data.omgeving.vlaanderen.be/id/concept/csor/variabele/V_757,Fosfamidon,2
https://data.omgeving.vlaanderen.be/id/concept/csor/variabele/V_846,Dioctyltin,2
https://data.omgeving.vlaanderen.be/id/concept/csor/variabele/V_568,Mevinfos,2
https://data.omgeving.vlaanderen.be/id/concept/csor/variabele/V_729,n-Butaan,2
https://data.omgeving.vlaanderen.be/id/concept/csor/variabele/V_86,Desethylterbutylazine,2
https://data.omgeving.vlaanderen.be/id/concept/csor/variabele/V_390,epsilon-Hexachloorcyclohexaan,2
https://data.omgeving.vlaanderen.be/id/concept/csor/variabele/V_2084,Calciet,2
https://data.omgeving.vlaanderen.be/id/concept/csor/variabele/V_778,"4,6-Dinitro-o-cresol",2
https://data.omgeving.vlaanderen.be/id/concept/csor/variabele/V_183,n-Butylmetacrylaat,2
https://data.omgeving.vlaanderen.be/id/concept/csor/variabele/V_756,Ethion,2
https://data.omgeving.vlaanderen.be/id/concept/csor/variabele/V_1056,Zwavelhexafluoride,2
https://data.omgeving.vlaanderen.be/id/concept/csor/variabele/V_916,Decabroomdifenylethaan,2
https://data.omgeving.vlaanderen.be/id/concept/csor/variabele/V_71,Polyaromatische koolwaterstoffen (PAK's),2
https://data.omgeving.vlaanderen.be/id/concept/csor/variabele/V_2136,isopropylacetaat,2
https://data.omgeving.vlaanderen.be/id/concept/csor/variabele/V_2065,Alkaliteit,2
https://data.omgeving.vlaanderen.be/id/concept/csor/variabele/V_1318,Yttrium,2
https://data.omgeving.vlaanderen.be/id/concept/csor/variabele/V_2158,"Apolaire koolwaterstoffen, fractie C14-C20",2
https://data.omgeving.vlaanderen.be/id/concept/csor/variabele/V_135,Imidacloprid,2
https://data.omgeving.vlaanderen.be/id/concept/csor/variabele/V_2159,"Apolaire koolwaterstoffen, fractie C16-C20",2
https://data.omgeving.vlaanderen.be/id/concept/csor/variabele/V_1303,Holmium,2
https://data.omgeving.vlaanderen.be/id/concept/csor/variabele/V_393,(4-Chloor-2-methylfenoxy)azijnzuur,2
https://data.omgeving.vlaanderen.be/id/concept/csor/variabele/V_161,Venlafaxine,2
https://data.omgeving.vlaanderen.be/id/concept/csor/variabele/V_968,Octylfenol,2
https://data.omgeving.vlaanderen.be/id/concept/csor/variabele/V_1297,Erbium,2
https://data.omgeving.vlaanderen.be/id/concept/csor/variabele/V_1455,Som van de 9 indicatieve PFAS,2
https://data.omgeving.vlaanderen.be/id/concept/csor/variabele/V_1115,Som van  1-Butanol en 2-Butanol,2
https://data.omgeving.vlaanderen.be/id/concept/csor/variabele/V_1196,Oplosmiddelen,2
https://data.omgeving.vlaanderen.be/id/concept/csor/variabele/V_1513,Macrofyten,2
https://data.omgeving.vlaanderen.be/id/concept/csor/variabele/V_430,Organisch materiaal,2
https://data.omgeving.vlaanderen.be/id/concept/csor/variabele/V_2110,"N,N Dimethylethanolamine",2
https://data.omgeving.vlaanderen.be/id/concept/csor/variabele/V_229,Di-isodecylftalaat,2
https://data.omgeving.vlaanderen.be/id/concept/csor/variabele/V_355,2-Nitrofenol,2
https://data.omgeving.vlaanderen.be/id/concept/csor/variabele/V_1575,"1,3-Butadieen",2
https://data.omgeving.vlaanderen.be/id/concept/csor/variabele/V_2210,Tolyfluanide,2
https://data.omgeving.vlaanderen.be/id/concept/csor/variabele/V_1078,Propiconazol,2
https://data.omgeving.vlaanderen.be/id/concept/csor/variabele/V_290,Dipropylftalaat,2
https://data.omgeving.vlaanderen.be/id/concept/csor/variabele/V_104,Trimethoprim,2
https://data.omgeving.vlaanderen.be/id/concept/csor/variabele/V_578,Omethoaat,2
https://data.omgeving.vlaanderen.be/id/concept/csor/variabele/V_933,Benzothiazole,2
https://data.omgeving.vlaanderen.be/id/concept/csor/variabele/V_2070,Anthophylliet,2
https://data.omgeving.vlaanderen.be/id/concept/csor/variabele/V_478,Terbufos,2
https://data.omgeving.vlaanderen.be/id/concept/csor/variabele/V_295,Densiteit,2
https://data.omgeving.vlaanderen.be/id/concept/csor/variabele/V_1314,Tantaal,2
https://data.omgeving.vlaanderen.be/id/concept/csor/variabele/V_619,Minerale oliën en KWS,2
https://data.omgeving.vlaanderen.be/id/concept/csor/variabele/V_181,Ethylmetacrylaat,2
https://data.omgeving.vlaanderen.be/id/concept/csor/variabele/V_2163,"Apolaire koolwaterstoffen, fractie C20-C40",2
https://data.omgeving.vlaanderen.be/id/concept/csor/variabele/V_1313,Samarium,2
https://data.omgeving.vlaanderen.be/id/concept/csor/variabele/V_477,Fonofos,2
https://data.omgeving.vlaanderen.be/id/concept/csor/variabele/V_819,Isobutanol,2
https://data.omgeving.vlaanderen.be/id/concept/csor/variabele/V_727,Propaan,2
https://data.omgeving.vlaanderen.be/id/concept/csor/variabele/V_456,Heptachloorepoxyde (cis+trans),2
https://data.omgeving.vlaanderen.be/id/concept/csor/variabele/V_1449,2-Mercaptobenzothiazole,2
https://data.omgeving.vlaanderen.be/id/concept/csor/variabele/V_2099,Dicyclopentadieen,2
https://data.omgeving.vlaanderen.be/id/concept/csor/variabele/V_198,Azithromycine,2
https://data.omgeving.vlaanderen.be/id/concept/csor/variabele/V_816,Caffeïne,2
https://data.omgeving.vlaanderen.be/id/concept/csor/variabele/V_879,"Alkanen, gechloreerde",2
https://data.omgeving.vlaanderen.be/id/concept/csor/variabele/V_233,"Organochloorpesticiden, totaal",2
https://data.omgeving.vlaanderen.be/id/concept/csor/variabele/V_1305,Lutetium,2
https://data.omgeving.vlaanderen.be/id/concept/csor/variabele/V_558,Hexachloorcyclopentadieen,2
https://data.omgeving.vlaanderen.be/id/concept/csor/variabele/V_580,"Organofosforpesticiden, totaal",2
https://data.omgeving.vlaanderen.be/id/concept/csor/variabele/V_890,Octylfenolen + ethoxylaten,2
https://data.omgeving.vlaanderen.be/id/concept/csor/variabele/V_2198,tert-Butylacetaat,2
https://data.omgeving.vlaanderen.be/id/concept/csor/variabele/V_1064,Niet eerder genoemde aromatische NMVOS,2
https://data.omgeving.vlaanderen.be/id/concept/csor/variabele/V_257,Silicaat,2
https://data.omgeving.vlaanderen.be/id/concept/csor/variabele/V_2139,Indaan,2
https://data.omgeving.vlaanderen.be/id/concept/csor/variabele/V_147,"1,2,3,5+1,2,4,5-Tetrachloorbenzeen",2
https://data.omgeving.vlaanderen.be/id/concept/csor/variabele/V_255,Ammoniak,2
https://data.omgeving.vlaanderen.be/id/concept/csor/variabele/V_808,"2,2',3,3',4,4',5-Heptachloorbifenyl (PCB170)",2
https://data.omgeving.vlaanderen.be/id/concept/csor/variabele/V_1236,Vibrio Fischeri,2
https://data.omgeving.vlaanderen.be/id/concept/csor/variabele/V_2043,2-Heptanon,2
https://data.omgeving.vlaanderen.be/id/concept/csor/variabele/V_2069,Amylacetaat,2
https://data.omgeving.vlaanderen.be/id/concept/csor/variabele/V_1057,Stikstofoxiden,2
https://data.omgeving.vlaanderen.be/id/concept/csor/variabele/V_1370,Benzotriazool,2
https://data.omgeving.vlaanderen.be/id/concept/csor/variabele/V_2164,"Apolaire koolwaterstoffen, fractie C22-30",2
https://data.omgeving.vlaanderen.be/id/concept/csor/variabele/V_577,Methamidofos,2
https://data.omgeving.vlaanderen.be/id/concept/csor/variabele/V_143,Gabapentine,2
https://data.omgeving.vlaanderen.be/id/concept/csor/variabele/V_230,Nitraat+nitriet,2
https://data.omgeving.vlaanderen.be/id/concept/csor/variabele/V_692,Petroleumether extraheerbare stoffen,2
https://data.omgeving.vlaanderen.be/id/concept/csor/variabele/V_407,Toxafeen,2
https://data.omgeving.vlaanderen.be/id/concept/csor/variabele/V_2090,Calciumcarbonaat,2
https://data.omgeving.vlaanderen.be/id/concept/csor/variabele/V_902,Chloorbromuron,2
https://data.omgeving.vlaanderen.be/id/concept/csor/variabele/V_1927,"Stof, totaal",2
https://data.omgeving.vlaanderen.be/id/concept/csor/variabele/V_429,"Surfactanten, niet-ionogene",2
https://data.omgeving.vlaanderen.be/id/concept/csor/variabele/V_661,Mercaptanen,2
https://data.omgeving.vlaanderen.be/id/concept/csor/variabele/V_267,Coliformen totale,2
https://data.omgeving.vlaanderen.be/id/concept/csor/variabele/V_781,Glyfosaat,2
https://data.omgeving.vlaanderen.be/id/concept/csor/variabele/V_2088,Citalopram,2
https://data.omgeving.vlaanderen.be/id/concept/csor/variabele/V_1451,2-(perfluorhexyl)ethylalcohol,2
https://data.omgeving.vlaanderen.be/id/concept/csor/variabele/V_453,Hyalella,2
https://data.omgeving.vlaanderen.be/id/concept/csor/variabele/V_148,Fipronil,2
https://data.omgeving.vlaanderen.be/id/concept/csor/variabele/V_93,Diclofenac,2
https://data.omgeving.vlaanderen.be/id/concept/csor/variabele/V_684,Debiet,2
https://data.omgeving.vlaanderen.be/id/concept/csor/variabele/V_452,Epichloorhydrine,2
https://data.omgeving.vlaanderen.be/id/concept/csor/variabele/V_2125,Glycerine,2
https://data.omgeving.vlaanderen.be/id/concept/csor/variabele/V_1071,Niet eerder genoemde ozonafbrekende stoffen en F-g,2
https://data.omgeving.vlaanderen.be/id/concept/csor/variabele/V_876,Raphidocelis subcapitata,2
https://data.omgeving.vlaanderen.be/id/concept/csor/variabele/V_1471,Minerale olie C6-C40,2
https://data.omgeving.vlaanderen.be/id/concept/csor/variabele/V_2195,Stookwaarde bij constante druk,2
https://data.omgeving.vlaanderen.be/id/concept/csor/variabele/V_2063,Acrylzuur,2
https://data.omgeving.vlaanderen.be/id/concept/csor/variabele/V_741,1-Buteen,2
https://data.omgeving.vlaanderen.be/id/concept/csor/variabele/V_2046,"2,4-Dinitrotolueen",2
https://data.omgeving.vlaanderen.be/id/concept/csor/variabele/V_2173,"Apolaire koolwaterstoffen, fractie C6-C12",2
https://data.omgeving.vlaanderen.be/id/concept/csor/variabele/V_2085,Candesartan,2
https://data.omgeving.vlaanderen.be/id/concept/csor/variabele/V_784,"2,4-Dichloorfenoxybutaanzuur",2
https://data.omgeving.vlaanderen.be/id/concept/csor/variabele/V_2105,Difenylamine,2
https://data.omgeving.vlaanderen.be/id/concept/csor/variabele/V_541,3-Chloortolueen,2
https://data.omgeving.vlaanderen.be/id/concept/csor/variabele/V_372,Propanil,2
https://data.omgeving.vlaanderen.be/id/concept/csor/variabele/V_880,Titaandioxide,2
https://data.omgeving.vlaanderen.be/id/concept/csor/variabele/V_1309,Praseodymium,2
https://data.omgeving.vlaanderen.be/id/concept/csor/variabele/V_99,Metoprolol,2
https://data.omgeving.vlaanderen.be/id/concept/csor/variabele/V_2089,Crosidoliet,2
https://data.omgeving.vlaanderen.be/id/concept/csor/variabele/V_1209,Waterstofperoxide,2
https://data.omgeving.vlaanderen.be/id/concept/csor/variabele/V_1485,Hydrazine,2
https://data.omgeving.vlaanderen.be/id/concept/csor/variabele/V_2118,Ethylhexanol,2
https://data.omgeving.vlaanderen.be/id/concept/csor/variabele/V_418,Monolinuron,2
https://data.omgeving.vlaanderen.be/id/concept/csor/variabele/V_1300,Gadolinium,2
https://data.omgeving.vlaanderen.be/id/concept/csor/variabele/V_603,Di-isopropylether,2
https://data.omgeving.vlaanderen.be/id/concept/csor/variabele/V_318,Biotische index (10-0),2
https://data.omgeving.vlaanderen.be/id/concept/csor/variabele/V_24,Dimethomorf,2
https://data.omgeving.vlaanderen.be/id/concept/csor/variabele/V_289,Dipentylftalaat,2
https://data.omgeving.vlaanderen.be/id/concept/csor/variabele/V_2166,"Apolaire koolwaterstoffen, fractie C28-32",2
https://data.omgeving.vlaanderen.be/id/concept/csor/variabele/V_2205,Tetrahydrothiofeen,2
https://data.omgeving.vlaanderen.be/id/concept/csor/variabele/V_1750,Zuurtegraad,2
https://data.omgeving.vlaanderen.be/id/concept/csor/variabele/V_2130,Hexadecaanzuur,2
https://data.omgeving.vlaanderen.be/id/concept/csor/variabele/V_286,Di-isopropylftalaat,2
https://data.omgeving.vlaanderen.be/id/concept/csor/variabele/V_531,"2-Chloor-1,3-butadieen",2
https://data.omgeving.vlaanderen.be/id/concept/csor/variabele/V_986,Ethyl-tert-butylether,2
https://data.omgeving.vlaanderen.be/id/concept/csor/variabele/V_69,Isotopenverhouding stikstof 15 en 14,2
https://data.omgeving.vlaanderen.be/id/concept/csor/variabele/V_1379,"Ammonium-4,8-dioxa-3H-perfluornonanoaat (ADONA)",2
https://data.omgeving.vlaanderen.be/id/concept/csor/variabele/V_1545,Triethyleenglycol,2
https://data.omgeving.vlaanderen.be/id/concept/csor/variabele/V_953,Propyzamide,2
https://data.omgeving.vlaanderen.be/id/concept/csor/variabele/V_2160,"Apolaire koolwaterstoffen, fractie C16-C22",2
https://data.omgeving.vlaanderen.be/id/concept/csor/variabele/V_903,Flufenacet,2
https://data.omgeving.vlaanderen.be/id/concept/csor/variabele/V_2133,iso-Butylacetaat,2
https://data.omgeving.vlaanderen.be/id/concept/csor/variabele/V_2087,Chrysotiel,2
https://data.omgeving.vlaanderen.be/id/concept/csor/variabele/V_470,2-Hydroxy-atrazine,2
https://data.omgeving.vlaanderen.be/id/concept/csor/variabele/V_653,Chlorendisch zuur,2
https://data.omgeving.vlaanderen.be/id/concept/csor/variabele/V_701,Tetrachloorethyleen extrah.stoffen,2
https://data.omgeving.vlaanderen.be/id/concept/csor/variabele/V_316,Zwevende stoffen,2
https://data.omgeving.vlaanderen.be/id/concept/csor/variabele/V_2140,Iprodione,2
https://data.omgeving.vlaanderen.be/id/concept/csor/variabele/V_1793,Mannosan,2
https://data.omgeving.vlaanderen.be/id/concept/csor/variabele/V_2187,Propylacetaat,2
https://data.omgeving.vlaanderen.be/id/concept/csor/variabele/V_2167,"Apolaire koolwaterstoffen, fractie C30-C36",2
https://data.omgeving.vlaanderen.be/id/concept/csor/variabele/V_2076,Butylamine,2
https://data.omgeving.vlaanderen.be/id/concept/csor/variabele/V_275,2-Chlooraniline,2
https://data.omgeving.vlaanderen.be/id/concept/csor/variabele/V_641,Dimethylamine,2
https://data.omgeving.vlaanderen.be/id/concept/csor/variabele/V_854,Polybroomdifenylether,2
https://data.omgeving.vlaanderen.be/id/concept/csor/variabele/V_993,Prothiofos,2
https://data.omgeving.vlaanderen.be/id/concept/csor/variabele/V_12,"Polybroomdifenylether, totaal (6)",2
https://data.omgeving.vlaanderen.be/id/concept/csor/variabele/V_60,Freon 114,2
https://data.omgeving.vlaanderen.be/id/concept/csor/variabele/V_1546,Isopropylglycol,2
https://data.omgeving.vlaanderen.be/id/concept/csor/variabele/V_314,Vlampunt,2
https://data.omgeving.vlaanderen.be/id/concept/csor/variabele/V_742,trans-2-Buteen,2
https://data.omgeving.vlaanderen.be/id/concept/csor/variabele/V_2225,Mevinfos-E,2
https://data.omgeving.vlaanderen.be/id/concept/csor/variabele/V_458,3+4-Methylfenol,2
https://data.omgeving.vlaanderen.be/id/concept/csor/variabele/V_706,"Surfactanten, anionische",2
https://data.omgeving.vlaanderen.be/id/concept/csor/variabele/V_1003,Dibenzothiofeen,2
https://data.omgeving.vlaanderen.be/id/concept/csor/variabele/V_428,"Surfactanten, kationische",2
https://data.omgeving.vlaanderen.be/id/concept/csor/variabele/V_2214,Valeriaanzuur,2
https://data.omgeving.vlaanderen.be/id/concept/csor/variabele/V_75,Anthantreen,2
